,Women's Fashion,Men's Fashion,Phones & Telecommunications,Computer,Consumer Electronics,Jewelry,Home,Bags,Toys,Outdoor Fun & Sports,"Beauty, Health",Automobiles & Motorcycles,Home Improvement
0,0.0,0.0,0.0,0.0,0.0,0.0,0.0,0.01,0.0,0.0,0.0,0.0,0.0
1,0.02,0.01,0.0,0.0,0.01,0.02,0.01,0.0,0.02,0.01,0.0,0.0,0.01
2,0.02,0.0,0.0,0.0,0.0,0.03,0.0,0.02,0.0,0.0,0.0,0.0,0.0
3,0.0,0.0,0.0,0.0,0.0,0.01,0.0,0.01,0.0,0.0,0.01,0.0,0.0
4,0.0,0.01,0.01,0.02,0.01,0.01,0.0,0.03,0.0,0.0,0.0,0.01,0.0
5,0.0,0.01,0.0,0.0,0.0,0.0,0.0,0.04,0.02,0.0,0.0,0.0,0.0
6,0.01,0.0,0.03,0.01,0.0,0.01,0.0,0.01,0.01,0.0,0.01,0.01,0.01
7,0.02,0.0,0.0,0.0,0.0,0.02,0.0,0.02,0.01,0.0,0.02,0.0,0.0
8,0.01,0.01,0.01,0.03,0.01,0.0,0.01,0.0,0.01,0.01,0.0,0.0,0.01
9,0.02,0.0,0.0,0.0,0.0,0.02,0.0,0.02,0.0,0.01,0.01,0.0,0.0
10,0.01,0.0,0.0,0.0,0.0,0.01,0.0,0.0,0.0,0.0,0.0,0.0,0.0
11,0.02,0.0,0.0,0.0,0.0,0.02,0.0,0.02,0.01,0.0,0.11,0.0,0.01
12,0.0,0.0,0.0,0.0,0.01,0.0,0.01,0.0,0.0,0.0,0.01,0.0,0.01
13,0.0,0.0,0.0,0.0,0.0,0.01,0.01,0.0,0.0,0.01,0.0,0.0,0.01
14,0.01,0.0,0.0,0.0,0.01,0.01,0.01,0.01,0.08,0.0,0.0,0.0,0.01
15,0.01,0.0,0.0,0.0,0.02,0.01,0.02,0.0,0.01,0.01,0.0,0.0,0.02
16,0.03,0.04,0.0,0.01,0.01,0.06,0.0,0.15,0.01,0.01,0.0,0.0,0.0
17,0.01,0.0,0.0,0.0,0.0,0.01,0.0,0.02,0.0,0.0,0.0,0.0,0.0
18,0.0,0.0,0.0,0.0,0.0,0.0,0.01,0.0,0.0,0.01,0.0,0.0,0.0
19,0.01,0.01,0.0,0.0,0.0,0.01,0.01,0.04,0.01,0.01,0.02,0.0,0.01
20,0.0,0.0,0.0,0.0,0.0,0.0,0.0,0.0,0.0,0.01,0.0,0.0,0.01
21,0.03,0.02,0.0,0.0,0.0,0.01,0.0,0.0,0.0,0.01,0.01,0.0,0.0
22,0.0,0.02,0.0,0.0,0.01,0.05,0.0,0.06,0.0,0.01,0.0,0.0,0.0
23,0.0,0.0,0.0,0.0,0.0,0.02,0.0,0.01,0.01,0.0,0.0,0.0,0.0
24,0.0,0.0,0.0,0.0,0.0,0.0,0.01,0.0,0.0,0.0,0.0,0.0,0.0
25,0.01,0.02,0.0,0.0,0.0,0.04,0.01,0.05,0.02,0.02,0.0,0.0,0.01
26,0.0,0.0,0.01,0.01,0.02,0.01,0.01,0.02,0.01,0.0,0.0,0.01,0.0
27,0.01,0.01,0.0,0.0,0.0,0.01,0.0,0.0,0.02,0.0,0.01,0.0,0.0
28,0.02,0.04,0.0,0.0,0.0,0.03,0.01,0.07,0.01,0.02,0.0,0.0,0.01
29,0.01,0.02,0.0,0.0,0.0,0.01,0.0,0.0,0.0,0.0,0.01,0.01,0.0
30,0.0,0.01,0.0,0.01,0.0,0.0,0.0,0.0,0.0,0.0,0.0,0.0,0.0
31,0.0,0.0,0.0,0.0,0.01,0.0,0.06,0.0,0.03,0.02,0.02,0.0,0.04
32,0.01,0.01,0.0,0.0,0.01,0.01,0.01,0.01,0.01,0.0,0.0,0.0,0.01
33,0.01,0.01,0.0,0.0,0.0,0.01,0.01,0.01,0.02,0.02,0.0,0.0,0.01
34,0.03,0.03,0.0,0.0,0.0,0.04,0.0,0.05,0.0,0.0,0.01,0.0,0.02
35,0.01,0.02,0.0,0.0,0.0,0.02,0.0,0.05,0.0,0.0,0.01,0.0,0.0
36,0.03,0.01,0.0,0.0,0.0,0.0,0.07,0.01,0.03,0.03,0.02,0.0,0.05
37,0.01,0.0,0.0,0.0,0.01,0.0,0.01,0.0,0.02,0.0,0.0,0.0,0.01
38,0.0,0.01,0.02,0.03,0.01,0.01,0.0,0.01,0.0,0.0,0.0,0.0,0.01
39,0.02,0.04,0.0,0.0,0.0,0.04,0.01,0.03,0.01,0.02,0.0,0.0,0.01
40,0.0,0.0,0.0,0.0,0.0,0.0,0.0,0.0,0.0,0.0,0.01,0.0,0.0
41,0.0,0.0,0.0,0.0,0.0,0.01,0.0,0.0,0.0,0.0,0.0,0.0,0.0
42,0.01,0.01,0.0,0.0,0.0,0.0,0.0,0.0,0.01,0.02,0.0,0.0,0.01
43,0.01,0.05,0.0,0.0,0.0,0.06,0.0,0.01,0.02,0.01,0.0,0.0,0.0
44,0.03,0.04,0.0,0.0,0.01,0.02,0.01,0.01,0.01,0.01,0.01,0.01,0.01
45,0.01,0.0,0.0,0.0,0.0,0.02,0.0,0.01,0.01,0.01,0.01,0.0,0.0
46,0.0,0.0,0.0,0.0,0.0,0.0,0.01,0.01,0.01,0.0,0.01,0.0,0.0
47,0.01,0.0,0.0,0.0,0.0,0.01,0.0,0.01,0.0,0.01,0.0,0.0,0.0
48,0.0,0.0,0.0,0.0,0.0,0.01,0.01,0.0,0.01,0.01,0.0,0.0,0.0
49,0.04,0.02,0.0,0.0,0.0,0.04,0.01,0.04,0.0,0.01,0.0,0.01,0.01
50,0.0,0.0,0.0,0.0,0.0,0.0,0.01,0.0,0.0,0.0,0.01,0.0,0.0
51,0.01,0.0,0.0,0.0,0.0,0.03,0.0,0.01,0.0,0.01,0.0,0.0,0.0
52,0.0,0.0,0.0,0.0,0.0,0.02,0.02,0.0,0.01,0.02,0.0,0.0,0.02
53,0.02,0.01,0.0,0.0,0.0,0.02,0.01,0.01,0.0,0.01,0.0,0.0,0.01
54,0.01,0.01,0.0,0.0,0.0,0.0,0.01,0.03,0.0,0.01,0.0,0.0,0.0
55,0.0,0.02,0.0,0.01,0.0,0.0,0.0,0.0,0.0,0.01,0.0,0.0,0.0
56,0.0,0.01,0.0,0.01,0.0,0.01,0.01,0.01,0.02,0.04,0.0,0.0,0.03
57,0.0,0.0,0.0,0.0,0.0,0.01,0.01,0.01,0.0,0.01,0.01,0.0,0.01
58,0.0,0.0,0.0,0.0,0.0,0.01,0.01,0.0,0.0,0.0,0.0,0.0,0.0
59,0.01,0.0,0.0,0.0,0.01,0.04,0.0,0.02,0.01,0.0,0.01,0.0,0.0
60,0.01,0.07,0.0,0.0,0.0,0.08,0.0,0.07,0.02,0.01,0.0,0.0,0.0
61,0.0,0.0,0.0,0.0,0.0,0.0,0.0,0.01,0.0,0.0,0.0,0.0,0.0
62,0.04,0.04,0.0,0.0,0.01,0.02,0.01,0.01,0.02,0.03,0.0,0.0,0.01
63,0.02,0.01,0.0,0.0,0.0,0.0,0.0,0.0,0.0,0.0,0.0,0.0,0.01
64,0.0,0.0,0.0,0.0,0.0,0.01,0.0,0.01,0.01,0.0,0.0,0.0,0.0
65,0.0,0.0,0.07,0.03,0.01,0.0,0.01,0.0,0.01,0.0,0.0,0.02,0.01
66,0.0,0.01,0.0,0.0,0.0,0.01,0.01,0.02,0.01,0.01,0.0,0.0,0.0
67,0.06,0.02,0.0,0.0,0.0,0.03,0.01,0.01,0.0,0.0,0.01,0.0,0.0
68,0.0,0.0,0.0,0.0,0.0,0.0,0.0,0.0,0.02,0.02,0.0,0.01,0.0
69,0.02,0.01,0.0,0.0,0.0,0.01,0.0,0.01,0.0,0.0,0.01,0.0,0.0
70,0.0,0.01,0.01,0.01,0.0,0.02,0.01,0.01,0.01,0.0,0.0,0.01,0.01
71,0.02,0.01,0.0,0.0,0.0,0.01,0.0,0.01,0.01,0.0,0.0,0.0,0.0
72,0.01,0.01,0.0,0.0,0.02,0.03,0.1,0.08,0.04,0.04,0.02,0.0,0.07
73,0.0,0.0,0.0,0.0,0.0,0.01,0.0,0.01,0.0,0.0,0.0,0.0,0.02
74,0.01,0.0,0.01,0.0,0.0,0.0,0.01,0.0,0.0,0.01,0.01,0.0,0.0
75,0.01,0.02,0.0,0.0,0.0,0.06,0.01,0.05,0.01,0.01,0.0,0.0,0.01
76,0.01,0.01,0.0,0.0,0.0,0.03,0.0,0.08,0.0,0.01,0.0,0.0,0.0
77,0.13,0.02,0.01,0.0,0.0,0.06,0.01,0.01,0.0,0.01,0.01,0.0,0.01
78,0.0,0.0,0.0,0.0,0.0,0.0,0.0,0.01,0.0,0.0,0.0,0.0,0.0
79,0.0,0.01,0.0,0.0,0.0,0.0,0.0,0.0,0.05,0.01,0.0,0.0,0.0
80,0.01,0.01,0.0,0.0,0.0,0.01,0.01,0.0,0.0,0.01,0.0,0.0,0.01
81,0.0,0.0,0.0,0.01,0.06,0.0,0.01,0.0,0.01,0.0,0.0,0.0,0.0
82,0.02,0.01,0.0,0.0,0.0,0.0,0.0,0.0,0.0,0.0,0.0,0.0,0.0
83,0.0,0.0,0.0,0.0,0.01,0.0,0.01,0.01,0.0,0.0,0.0,0.0,0.01
84,0.06,0.0,0.0,0.0,0.01,0.15,0.03,0.04,0.01,0.01,0.03,0.0,0.02
85,0.0,0.0,0.01,0.03,0.01,0.0,0.0,0.01,0.04,0.0,0.0,0.0,0.02
86,0.0,0.0,0.0,0.0,0.01,0.01,0.01,0.01,0.07,0.0,0.0,0.0,0.01
87,0.01,0.0,0.0,0.0,0.0,0.02,0.0,0.02,0.0,0.0,0.0,0.0,0.0
88,0.0,0.0,0.0,0.0,0.0,0.01,0.0,0.0,0.03,0.01,0.0,0.0,0.0
89,0.02,0.01,0.0,0.0,0.01,0.05,0.02,0.07,0.0,0.02,0.0,0.0,0.02
90,0.11,0.01,0.0,0.01,0.0,0.05,0.0,0.03,0.0,0.01,0.0,0.0,0.0
91,0.0,0.01,0.0,0.0,0.0,0.03,0.0,0.04,0.0,0.01,0.0,0.0,0.01
92,0.0,0.0,0.0,0.0,0.01,0.01,0.03,0.02,0.01,0.01,0.0,0.0,0.02
93,0.03,0.0,0.0,0.0,0.0,0.01,0.0,0.01,0.01,0.0,0.01,0.0,0.0
94,0.09,0.01,0.0,0.0,0.0,0.04,0.0,0.03,0.0,0.01,0.01,0.0,0.0
95,0.04,0.03,0.0,0.0,0.01,0.01,0.0,0.05,0.01,0.0,0.0,0.0,0.0
96,0.07,0.05,0.0,0.0,0.0,0.03,0.01,0.04,0.0,0.0,0.01,0.0,0.0
97,0.0,0.01,0.0,0.0,0.01,0.0,0.01,0.01,0.02,0.0,0.0,0.0,0.0
98,0.0,0.0,0.0,0.0,0.0,0.02,0.01,0.02,0.01,0.0,0.0,0.0,0.01
99,0.0,0.0,0.01,0.01,0.01,0.04,0.0,0.12,0.0,0.0,0.0,0.0,0.0
100,0.0,0.0,0.0,0.0,0.0,0.01,0.0,0.02,0.0,0.0,0.0,0.0,0.0
101,0.0,0.0,0.0,0.0,0.0,0.0,0.0,0.0,0.0,0.0,0.0,0.0,0.0
102,0.0,0.01,0.0,0.0,0.0,0.01,0.01,0.01,0.03,0.0,0.01,0.0,0.01
103,0.01,0.01,0.0,0.0,0.0,0.03,0.01,0.01,0.01,0.01,0.0,0.0,0.01
104,0.02,0.0,0.0,0.0,0.0,0.01,0.0,0.02,0.0,0.01,0.0,0.0,0.0
105,0.03,0.02,0.0,0.0,0.0,0.03,0.01,0.02,0.0,0.0,0.0,0.0,0.01
106,0.02,0.01,0.0,0.0,0.0,0.01,0.01,0.0,0.01,0.0,0.01,0.0,0.01
107,0.02,0.01,0.0,0.0,0.0,0.02,0.01,0.05,0.0,0.0,0.0,0.0,0.01
108,0.0,0.02,0.0,0.0,0.0,0.02,0.0,0.1,0.0,0.01,0.0,0.0,0.0
109,0.01,0.02,0.0,0.0,0.0,0.03,0.01,0.02,0.02,0.0,0.0,0.0,0.0
110,0.0,0.0,0.0,0.0,0.0,0.0,0.0,0.0,0.0,0.0,0.0,0.0,0.0
111,0.03,0.02,0.0,0.0,0.0,0.01,0.01,0.0,0.02,0.02,0.0,0.0,0.0
112,0.01,0.01,0.0,0.0,0.0,0.01,0.01,0.05,0.0,0.0,0.02,0.0,0.0
113,0.02,0.01,0.0,0.0,0.0,0.05,0.01,0.17,0.01,0.0,0.0,0.0,0.0
114,0.01,0.01,0.0,0.0,0.0,0.04,0.0,0.04,0.0,0.0,0.01,0.0,0.0
115,0.01,0.01,0.0,0.0,0.0,0.0,0.0,0.03,0.0,0.0,0.0,0.0,0.0
116,0.0,0.01,0.0,0.0,0.0,0.01,0.0,0.0,0.01,0.0,0.0,0.0,0.0
117,0.01,0.01,0.0,0.01,0.0,0.0,0.0,0.01,0.0,0.01,0.0,0.0,0.0
118,0.01,0.0,0.0,0.0,0.0,0.02,0.0,0.03,0.0,0.0,0.0,0.0,0.0
119,0.01,0.0,0.0,0.0,0.0,0.01,0.0,0.0,0.01,0.01,0.01,0.0,0.0
120,0.01,0.01,0.0,0.0,0.0,0.0,0.0,0.0,0.01,0.0,0.01,0.0,0.01
121,0.01,0.0,0.0,0.0,0.01,0.03,0.01,0.02,0.01,0.0,0.01,0.0,0.02
122,0.12,0.02,0.0,0.0,0.0,0.05,0.0,0.01,0.0,0.01,0.01,0.0,0.01
123,0.01,0.0,0.0,0.0,0.0,0.01,0.0,0.0,0.0,0.01,0.0,0.0,0.01
124,0.07,0.04,0.0,0.01,0.01,0.03,0.0,0.04,0.0,0.0,0.01,0.0,0.0
125,0.0,0.0,0.0,0.0,0.0,0.0,0.01,0.01,0.01,0.08,0.01,0.0,0.01
126,0.03,0.01,0.0,0.0,0.01,0.08,0.03,0.05,0.01,0.0,0.0,0.0,0.01
127,0.0,0.01,0.0,0.02,0.02,0.0,0.0,0.0,0.03,0.0,0.0,0.0,0.0
128,0.02,0.01,0.0,0.0,0.0,0.01,0.01,0.01,0.0,0.01,0.01,0.0,0.0
129,0.01,0.02,0.0,0.0,0.0,0.04,0.0,0.1,0.0,0.01,0.0,0.0,0.0
130,0.0,0.01,0.0,0.0,0.0,0.0,0.0,0.0,0.01,0.0,0.01,0.0,0.0
131,0.0,0.01,0.0,0.0,0.0,0.01,0.0,0.08,0.01,0.01,0.0,0.0,0.0
132,0.02,0.01,0.0,0.0,0.0,0.02,0.07,0.01,0.03,0.03,0.02,0.0,0.06
133,0.01,0.02,0.0,0.0,0.0,0.06,0.0,0.04,0.0,0.01,0.0,0.0,0.0
134,0.0,0.0,0.0,0.0,0.0,0.03,0.0,0.01,0.01,0.0,0.0,0.0,0.01
135,0.03,0.02,0.0,0.0,0.01,0.01,0.01,0.01,0.01,0.01,0.0,0.0,0.02
136,0.0,0.0,0.0,0.0,0.0,0.03,0.0,0.05,0.03,0.0,0.0,0.0,0.0
137,0.01,0.0,0.0,0.0,0.0,0.03,0.0,0.02,0.0,0.0,0.0,0.0,0.0
138,0.0,0.0,0.0,0.0,0.0,0.0,0.0,0.01,0.0,0.01,0.0,0.0,0.0
139,0.0,0.0,0.0,0.0,0.0,0.02,0.0,0.0,0.0,0.0,0.0,0.0,0.01
140,0.01,0.0,0.0,0.0,0.0,0.01,0.01,0.03,0.0,0.01,0.0,0.0,0.01
141,0.0,0.0,0.0,0.0,0.01,0.0,0.01,0.01,0.0,0.0,0.0,0.0,0.01
142,0.0,0.02,0.0,0.0,0.0,0.0,0.01,0.0,0.0,0.01,0.0,0.0,0.0
143,0.01,0.01,0.0,0.0,0.0,0.0,0.0,0.04,0.0,0.01,0.0,0.0,0.0
144,0.02,0.01,0.0,0.0,0.0,0.04,0.0,0.05,0.01,0.01,0.01,0.0,0.0
145,0.0,0.0,0.0,0.0,0.0,0.02,0.0,0.0,0.01,0.02,0.0,0.0,0.0
146,0.08,0.02,0.0,0.01,0.0,0.01,0.0,0.0,0.0,0.0,0.0,0.0,0.0
147,0.01,0.02,0.0,0.0,0.01,0.01,0.01,0.0,0.01,0.02,0.0,0.0,0.02
148,0.08,0.01,0.0,0.0,0.0,0.05,0.0,0.02,0.0,0.01,0.0,0.0,0.0
149,0.0,0.0,0.0,0.0,0.01,0.01,0.02,0.0,0.01,0.07,0.0,0.02,0.01
150,0.0,0.01,0.0,0.0,0.0,0.01,0.01,0.03,0.01,0.01,0.01,0.0,0.01
151,0.0,0.0,0.0,0.0,0.0,0.0,0.01,0.0,0.01,0.0,0.0,0.0,0.01
152,0.0,0.0,0.0,0.05,0.03,0.0,0.01,0.01,0.01,0.0,0.0,0.0,0.0
153,0.01,0.0,0.01,0.02,0.01,0.06,0.01,0.07,0.01,0.0,0.01,0.0,0.01
154,0.02,0.01,0.0,0.0,0.0,0.01,0.0,0.01,0.0,0.0,0.0,0.0,0.0
155,0.01,0.01,0.0,0.0,0.0,0.04,0.01,0.12,0.01,0.0,0.01,0.0,0.0
156,0.01,0.0,0.0,0.0,0.01,0.01,0.02,0.0,0.01,0.0,0.01,0.0,0.02
157,0.01,0.02,0.0,0.0,0.0,0.04,0.01,0.0,0.01,0.0,0.0,0.01,0.0
158,0.03,0.01,0.0,0.01,0.0,0.03,0.01,0.02,0.0,0.02,0.01,0.0,0.01
159,0.02,0.01,0.0,0.0,0.0,0.13,0.02,0.04,0.01,0.0,0.01,0.0,0.02
160,0.02,0.01,0.0,0.01,0.02,0.02,0.05,0.02,0.02,0.01,0.01,0.0,0.04
161,0.0,0.0,0.0,0.01,0.0,0.01,0.0,0.02,0.0,0.03,0.0,0.0,0.0
162,0.01,0.0,0.01,0.01,0.02,0.01,0.0,0.01,0.01,0.01,0.01,0.0,0.0
163,0.0,0.0,0.0,0.0,0.0,0.01,0.0,0.02,0.0,0.0,0.0,0.0,0.0
164,0.02,0.0,0.0,0.0,0.0,0.0,0.0,0.0,0.0,0.01,0.0,0.0,0.0
165,0.0,0.0,0.0,0.0,0.0,0.02,0.01,0.02,0.01,0.0,0.0,0.0,0.01
166,0.0,0.0,0.01,0.0,0.0,0.0,0.0,0.0,0.0,0.0,0.0,0.01,0.0
167,0.02,0.02,0.0,0.0,0.0,0.02,0.0,0.01,0.02,0.04,0.0,0.01,0.0
168,0.02,0.03,0.0,0.0,0.01,0.02,0.01,0.01,0.01,0.01,0.01,0.01,0.01
169,0.0,0.0,0.0,0.01,0.01,0.0,0.0,0.02,0.0,0.0,0.0,0.01,0.0
170,0.07,0.03,0.0,0.0,0.01,0.03,0.02,0.01,0.02,0.02,0.05,0.0,0.02
171,0.0,0.0,0.0,0.0,0.01,0.01,0.0,0.01,0.0,0.0,0.0,0.0,0.01
172,0.0,0.0,0.0,0.0,0.0,0.02,0.01,0.0,0.01,0.0,0.01,0.0,0.03
173,0.01,0.0,0.0,0.01,0.0,0.02,0.0,0.02,0.0,0.01,0.0,0.0,0.01
174,0.01,0.01,0.0,0.0,0.0,0.02,0.01,0.06,0.0,0.01,0.0,0.0,0.0
175,0.0,0.0,0.0,0.0,0.01,0.0,0.0,0.0,0.01,0.0,0.0,0.0,0.01
176,0.0,0.0,0.0,0.0,0.0,0.0,0.0,0.0,0.01,0.0,0.0,0.0,0.0
177,0.02,0.0,0.0,0.01,0.0,0.01,0.0,0.01,0.0,0.0,0.02,0.0,0.0
178,0.05,0.02,0.0,0.0,0.0,0.02,0.01,0.02,0.01,0.02,0.0,0.0,0.0
179,0.01,0.01,0.0,0.01,0.0,0.02,0.0,0.02,0.0,0.0,0.01,0.0,0.0
180,0.0,0.01,0.0,0.0,0.0,0.01,0.0,0.0,0.03,0.0,0.0,0.0,0.0
181,0.0,0.01,0.0,0.0,0.0,0.01,0.0,0.03,0.01,0.0,0.0,0.0,0.0
182,0.04,0.0,0.0,0.0,0.0,0.06,0.0,0.02,0.0,0.01,0.01,0.0,0.01
183,0.02,0.01,0.0,0.0,0.01,0.03,0.01,0.1,0.01,0.0,0.0,0.0,0.01
184,0.01,0.01,0.01,0.0,0.01,0.01,0.02,0.0,0.0,0.0,0.0,0.0,0.01
185,0.01,0.01,0.0,0.0,0.0,0.0,0.01,0.0,0.0,0.01,0.0,0.0,0.0
186,0.0,0.01,0.0,0.0,0.0,0.01,0.0,0.01,0.03,0.0,0.0,0.0,0.01
187,0.02,0.03,0.0,0.02,0.0,0.01,0.0,0.03,0.0,0.01,0.0,0.0,0.0
188,0.03,0.03,0.0,0.0,0.02,0.01,0.01,0.01,0.02,0.02,0.01,0.0,0.01
189,0.02,0.06,0.0,0.0,0.0,0.05,0.0,0.05,0.01,0.01,0.0,0.0,0.0
190,0.08,0.02,0.0,0.01,0.0,0.02,0.0,0.02,0.0,0.0,0.0,0.0,0.0
191,0.0,0.0,0.0,0.03,0.01,0.01,0.0,0.01,0.02,0.01,0.0,0.0,0.0
192,0.01,0.0,0.0,0.0,0.0,0.0,0.0,0.0,0.0,0.0,0.0,0.0,0.01
193,0.02,0.01,0.0,0.0,0.0,0.03,0.01,0.03,0.0,0.02,0.0,0.0,0.01
194,0.0,0.0,0.0,0.0,0.0,0.0,0.0,0.01,0.0,0.0,0.0,0.0,0.0
195,0.0,0.0,0.0,0.0,0.0,0.01,0.0,0.01,0.0,0.0,0.0,0.0,0.0
196,0.02,0.02,0.0,0.0,0.0,0.0,0.0,0.0,0.0,0.0,0.0,0.0,0.01
197,0.0,0.0,0.03,0.02,0.01,0.01,0.0,0.02,0.01,0.01,0.01,0.0,0.01
198,0.0,0.0,0.0,0.0,0.0,0.01,0.01,0.01,0.0,0.0,0.0,0.0,0.0
199,0.01,0.04,0.01,0.01,0.0,0.05,0.0,0.05,0.01,0.01,0.0,0.0,0.0
200,0.0,0.0,0.04,0.03,0.01,0.0,0.0,0.01,0.0,0.0,0.0,0.0,0.0
201,0.0,0.0,0.0,0.0,0.0,0.02,0.0,0.01,0.0,0.0,0.0,0.0,0.01
202,0.01,0.0,0.0,0.0,0.0,0.0,0.0,0.0,0.0,0.0,0.01,0.0,0.01
203,0.0,0.0,0.0,0.0,0.0,0.03,0.01,0.01,0.0,0.0,0.0,0.0,0.01
204,0.06,0.0,0.0,0.0,0.0,0.03,0.0,0.02,0.0,0.01,0.01,0.0,0.0
205,0.0,0.0,0.0,0.0,0.0,0.08,0.0,0.03,0.01,0.01,0.0,0.0,0.0
206,0.02,0.01,0.0,0.0,0.0,0.13,0.02,0.02,0.01,0.0,0.0,0.0,0.01
207,0.0,0.01,0.0,0.0,0.0,0.0,0.0,0.02,0.0,0.0,0.0,0.0,0.0
208,0.04,0.04,0.0,0.0,0.01,0.03,0.02,0.01,0.02,0.03,0.01,0.0,0.02
209,0.03,0.01,0.0,0.0,0.0,0.04,0.01,0.03,0.0,0.01,0.0,0.0,0.01
210,0.0,0.0,0.0,0.0,0.0,0.01,0.0,0.0,0.0,0.0,0.0,0.0,0.0
211,0.01,0.02,0.0,0.0,0.0,0.04,0.0,0.03,0.0,0.01,0.0,0.0,0.01
212,0.0,0.01,0.0,0.0,0.0,0.03,0.01,0.01,0.0,0.0,0.0,0.0,0.0
213,0.0,0.0,0.04,0.02,0.0,0.0,0.0,0.01,0.0,0.0,0.0,0.0,0.0
214,0.0,0.0,0.0,0.0,0.0,0.0,0.0,0.01,0.0,0.0,0.0,0.0,0.0
215,0.02,0.01,0.0,0.0,0.0,0.02,0.01,0.04,0.0,0.01,0.01,0.0,0.0
216,0.01,0.01,0.0,0.01,0.02,0.05,0.01,0.01,0.01,0.0,0.01,0.0,0.0
217,0.0,0.0,0.0,0.0,0.0,0.0,0.0,0.0,0.01,0.0,0.0,0.0,0.0
218,0.03,0.01,0.0,0.0,0.01,0.11,0.02,0.02,0.01,0.0,0.0,0.0,0.01
219,0.02,0.01,0.0,0.0,0.0,0.13,0.01,0.06,0.01,0.0,0.0,0.0,0.0
220,0.0,0.0,0.0,0.0,0.0,0.0,0.0,0.0,0.0,0.0,0.0,0.0,0.0
221,0.05,0.03,0.0,0.0,0.02,0.02,0.02,0.01,0.02,0.02,0.01,0.0,0.01
222,0.0,0.01,0.0,0.01,0.02,0.01,0.02,0.01,0.02,0.0,0.0,0.0,0.0
223,0.12,0.02,0.0,0.0,0.0,0.07,0.0,0.01,0.0,0.01,0.0,0.0,0.01
224,0.01,0.01,0.0,0.0,0.0,0.03,0.01,0.01,0.01,0.0,0.0,0.0,0.0
225,0.02,0.02,0.0,0.0,0.0,0.01,0.0,0.01,0.0,0.0,0.0,0.0,0.0
226,0.0,0.0,0.0,0.0,0.01,0.02,0.01,0.01,0.01,0.01,0.0,0.0,0.03
227,0.02,0.03,0.0,0.0,0.0,0.03,0.0,0.02,0.0,0.0,0.0,0.01,0.0
228,0.01,0.01,0.0,0.0,0.01,0.01,0.01,0.02,0.01,0.02,0.0,0.01,0.01
229,0.01,0.01,0.0,0.0,0.01,0.0,0.01,0.0,0.03,0.01,0.0,0.0,0.0
230,0.0,0.0,0.0,0.0,0.0,0.04,0.01,0.01,0.01,0.0,0.01,0.0,0.01
231,0.05,0.0,0.0,0.0,0.0,0.05,0.0,0.01,0.01,0.01,0.01,0.0,0.01
232,0.02,0.0,0.0,0.0,0.0,0.02,0.01,0.08,0.0,0.0,0.0,0.0,0.01
233,0.0,0.0,0.02,0.02,0.0,0.0,0.01,0.0,0.01,0.0,0.0,0.0,0.0
234,0.0,0.0,0.0,0.0,0.0,0.02,0.02,0.01,0.02,0.03,0.0,0.0,0.01
235,0.01,0.0,0.0,0.0,0.0,0.0,0.0,0.01,0.01,0.0,0.0,0.0,0.0
236,0.02,0.0,0.0,0.01,0.0,0.03,0.02,0.05,0.0,0.01,0.01,0.01,0.03
237,0.01,0.01,0.0,0.0,0.0,0.02,0.01,0.02,0.0,0.01,0.0,0.0,0.0
238,0.0,0.03,0.0,0.01,0.01,0.04,0.0,0.03,0.02,0.01,0.0,0.0,0.0
239,0.01,0.0,0.0,0.0,0.0,0.01,0.03,0.0,0.02,0.0,0.0,0.0,0.04
240,0.02,0.01,0.0,0.01,0.02,0.02,0.01,0.02,0.01,0.0,0.0,0.0,0.01
241,0.0,0.0,0.0,0.0,0.0,0.0,0.01,0.0,0.0,0.0,0.0,0.0,0.01
242,0.0,0.01,0.0,0.0,0.0,0.0,0.0,0.01,0.0,0.01,0.0,0.0,0.0
243,0.02,0.0,0.0,0.0,0.0,0.13,0.01,0.04,0.01,0.01,0.0,0.0,0.01
244,0.02,0.02,0.0,0.0,0.0,0.01,0.01,0.0,0.0,0.01,0.0,0.0,0.02
245,0.02,0.02,0.0,0.0,0.01,0.01,0.13,0.0,0.06,0.06,0.04,0.0,0.09
246,0.01,0.0,0.0,0.03,0.01,0.01,0.0,0.01,0.0,0.0,0.01,0.0,0.01
247,0.01,0.03,0.0,0.0,0.02,0.01,0.01,0.01,0.01,0.02,0.0,0.0,0.01
248,0.01,0.01,0.0,0.0,0.01,0.0,0.0,0.02,0.01,0.0,0.0,0.0,0.01
249,0.01,0.01,0.0,0.01,0.01,0.03,0.04,0.08,0.01,0.01,0.0,0.0,0.01
250,0.04,0.04,0.0,0.0,0.02,0.01,0.02,0.01,0.02,0.02,0.01,0.01,0.02
251,0.01,0.01,0.0,0.0,0.01,0.01,0.01,0.02,0.0,0.0,0.0,0.0,0.01
252,0.01,0.0,0.0,0.01,0.01,0.02,0.01,0.02,0.0,0.0,0.0,0.01,0.01
253,0.0,0.0,0.0,0.01,0.0,0.0,0.01,0.0,0.02,0.01,0.07,0.0,0.01
254,0.03,0.01,0.0,0.0,0.0,0.01,0.0,0.01,0.0,0.0,0.0,0.01,0.0
255,0.0,0.0,0.0,0.0,0.0,0.0,0.0,0.0,0.0,0.0,0.0,0.0,0.0
256,0.02,0.0,0.0,0.0,0.0,0.05,0.01,0.13,0.01,0.01,0.0,0.0,0.0
257,0.01,0.0,0.0,0.0,0.0,0.01,0.02,0.01,0.01,0.01,0.0,0.0,0.02
258,0.0,0.0,0.0,0.0,0.0,0.01,0.0,0.0,0.0,0.0,0.0,0.0,0.0
259,0.0,0.0,0.0,0.0,0.0,0.0,0.0,0.0,0.0,0.0,0.0,0.0,0.0
260,0.0,0.0,0.0,0.01,0.0,0.0,0.0,0.0,0.0,0.0,0.0,0.01,0.0
261,0.0,0.0,0.0,0.0,0.0,0.03,0.01,0.0,0.0,0.0,0.0,0.0,0.02
262,0.01,0.0,0.0,0.0,0.0,0.01,0.0,0.02,0.01,0.01,0.0,0.0,0.0
263,0.0,0.0,0.0,0.0,0.0,0.0,0.0,0.0,0.0,0.0,0.0,0.0,0.0
264,0.04,0.01,0.0,0.0,0.0,0.06,0.01,0.03,0.0,0.01,0.02,0.0,0.01
265,0.0,0.0,0.0,0.0,0.01,0.01,0.0,0.03,0.0,0.0,0.0,0.0,0.0
266,0.0,0.0,0.0,0.0,0.0,0.0,0.01,0.0,0.0,0.0,0.01,0.0,0.0
267,0.01,0.0,0.0,0.0,0.01,0.0,0.0,0.01,0.0,0.01,0.0,0.03,0.0
268,0.01,0.0,0.0,0.0,0.0,0.02,0.01,0.01,0.01,0.0,0.0,0.0,0.02
269,0.02,0.01,0.0,0.0,0.0,0.05,0.01,0.17,0.01,0.0,0.0,0.0,0.0
270,0.04,0.01,0.0,0.0,0.0,0.03,0.01,0.03,0.01,0.01,0.0,0.0,0.01
271,0.0,0.01,0.0,0.0,0.0,0.01,0.0,0.02,0.01,0.0,0.0,0.0,0.0
272,0.0,0.03,0.0,0.0,0.0,0.0,0.02,0.0,0.05,0.01,0.0,0.0,0.01
273,0.01,0.0,0.0,0.0,0.0,0.01,0.0,0.02,0.0,0.01,0.0,0.0,0.0
274,0.0,0.0,0.01,0.05,0.0,0.02,0.0,0.03,0.0,0.0,0.01,0.0,0.01
275,0.0,0.0,0.0,0.0,0.01,0.03,0.0,0.01,0.0,0.0,0.01,0.0,0.0
276,0.04,0.0,0.0,0.0,0.0,0.06,0.0,0.02,0.0,0.0,0.01,0.0,0.01
277,0.0,0.0,0.0,0.0,0.0,0.01,0.01,0.0,0.0,0.0,0.0,0.0,0.01
278,0.01,0.0,0.0,0.0,0.0,0.11,0.0,0.04,0.0,0.0,0.0,0.0,0.0
279,0.01,0.01,0.0,0.0,0.0,0.02,0.01,0.0,0.0,0.0,0.0,0.0,0.0
280,0.0,0.0,0.0,0.0,0.0,0.0,0.0,0.0,0.01,0.0,0.02,0.0,0.0
281,0.06,0.0,0.0,0.0,0.0,0.03,0.0,0.02,0.0,0.01,0.0,0.0,0.0
282,0.0,0.01,0.0,0.0,0.0,0.02,0.01,0.03,0.0,0.0,0.0,0.0,0.01
283,0.13,0.03,0.01,0.05,0.01,0.06,0.01,0.03,0.01,0.01,0.0,0.01,0.0
284,0.0,0.0,0.02,0.0,0.0,0.01,0.0,0.02,0.0,0.02,0.01,0.03,0.01
285,0.0,0.0,0.0,0.0,0.0,0.01,0.0,0.02,0.0,0.03,0.01,0.0,0.0
286,0.0,0.0,0.0,0.0,0.01,0.02,0.0,0.0,0.01,0.0,0.0,0.0,0.02
287,0.0,0.0,0.0,0.0,0.0,0.0,0.0,0.0,0.0,0.0,0.0,0.0,0.0
288,0.01,0.01,0.01,0.02,0.02,0.02,0.01,0.02,0.01,0.0,0.0,0.01,0.01
289,0.01,0.04,0.0,0.0,0.0,0.05,0.0,0.04,0.01,0.01,0.0,0.0,0.0
290,0.03,0.01,0.0,0.0,0.0,0.02,0.0,0.02,0.0,0.0,0.0,0.0,0.0
291,0.02,0.0,0.0,0.0,0.0,0.01,0.0,0.0,0.0,0.0,0.01,0.0,0.0
292,0.0,0.01,0.0,0.0,0.01,0.0,0.01,0.03,0.0,0.01,0.01,0.1,0.01
293,0.0,0.0,0.0,0.0,0.0,0.0,0.0,0.0,0.0,0.0,0.0,0.0,0.0
294,0.0,0.01,0.0,0.0,0.0,0.01,0.0,0.0,0.0,0.01,0.0,0.0,0.0
295,0.0,0.0,0.0,0.0,0.0,0.01,0.0,0.0,0.0,0.02,0.0,0.0,0.0
296,0.0,0.01,0.0,0.0,0.0,0.04,0.0,0.03,0.0,0.01,0.0,0.0,0.01
297,0.0,0.0,0.0,0.0,0.0,0.0,0.0,0.0,0.01,0.02,0.0,0.0,0.0
298,0.01,0.01,0.0,0.01,0.0,0.02,0.0,0.03,0.02,0.01,0.01,0.0,0.0
299,0.04,0.01,0.0,0.0,0.01,0.1,0.03,0.01,0.01,0.01,0.01,0.0,0.02
300,0.0,0.01,0.0,0.0,0.0,0.01,0.01,0.02,0.0,0.02,0.0,0.0,0.0
301,0.04,0.04,0.0,0.0,0.02,0.01,0.11,0.0,0.05,0.05,0.03,0.0,0.08
302,0.02,0.01,0.0,0.0,0.01,0.08,0.01,0.02,0.01,0.0,0.0,0.0,0.01
303,0.0,0.01,0.01,0.0,0.0,0.04,0.0,0.02,0.01,0.0,0.0,0.0,0.0
304,0.0,0.02,0.0,0.0,0.0,0.0,0.0,0.04,0.01,0.01,0.0,0.0,0.0
305,0.0,0.0,0.0,0.0,0.01,0.04,0.02,0.01,0.01,0.0,0.04,0.0,0.01
306,0.0,0.0,0.0,0.0,0.0,0.01,0.01,0.0,0.03,0.02,0.0,0.0,0.02
307,0.08,0.01,0.0,0.0,0.0,0.03,0.0,0.03,0.01,0.01,0.0,0.0,0.0
308,0.0,0.0,0.0,0.0,0.0,0.0,0.0,0.0,0.0,0.01,0.01,0.0,0.0
309,0.0,0.0,0.0,0.0,0.0,0.01,0.01,0.0,0.01,0.01,0.0,0.0,0.0
310,0.02,0.01,0.0,0.01,0.01,0.04,0.02,0.1,0.01,0.0,0.0,0.0,0.02
311,0.0,0.0,0.0,0.0,0.0,0.01,0.0,0.01,0.0,0.0,0.0,0.0,0.01
312,0.04,0.02,0.0,0.0,0.0,0.01,0.01,0.0,0.01,0.02,0.0,0.01,0.0
313,0.0,0.0,0.0,0.01,0.02,0.01,0.02,0.01,0.02,0.0,0.0,0.0,0.01
314,0.02,0.0,0.0,0.0,0.0,0.13,0.01,0.04,0.01,0.0,0.0,0.0,0.01
315,0.0,0.01,0.0,0.0,0.0,0.01,0.0,0.07,0.02,0.01,0.0,0.0,0.0
316,0.05,0.01,0.0,0.01,0.0,0.02,0.0,0.01,0.0,0.0,0.0,0.0,0.0
317,0.05,0.02,0.0,0.0,0.02,0.05,0.01,0.04,0.01,0.01,0.01,0.0,0.01
318,0.01,0.0,0.0,0.0,0.0,0.0,0.0,0.02,0.0,0.0,0.0,0.0,0.0
319,0.0,0.0,0.0,0.0,0.0,0.02,0.0,0.03,0.01,0.0,0.0,0.0,0.0
320,0.0,0.01,0.0,0.01,0.0,0.0,0.01,0.0,0.03,0.01,0.0,0.0,0.01
321,0.01,0.01,0.0,0.0,0.0,0.02,0.01,0.07,0.0,0.01,0.0,0.0,0.0
322,0.02,0.02,0.0,0.0,0.02,0.01,0.01,0.01,0.01,0.02,0.0,0.0,0.01
323,0.04,0.0,0.0,0.0,0.0,0.03,0.0,0.05,0.01,0.0,0.0,0.0,0.0
324,0.0,0.01,0.0,0.0,0.0,0.01,0.0,0.02,0.02,0.01,0.0,0.0,0.0
325,0.0,0.0,0.0,0.0,0.0,0.01,0.0,0.02,0.0,0.0,0.0,0.0,0.0
326,0.02,0.02,0.0,0.0,0.0,0.0,0.0,0.0,0.0,0.0,0.0,0.0,0.0
327,0.01,0.01,0.0,0.0,0.0,0.0,0.0,0.0,0.01,0.0,0.0,0.0,0.0
328,0.03,0.01,0.0,0.0,0.01,0.02,0.01,0.02,0.0,0.0,0.0,0.0,0.0
329,0.01,0.01,0.0,0.0,0.0,0.0,0.0,0.0,0.0,0.02,0.0,0.0,0.01
330,0.0,0.01,0.0,0.0,0.0,0.02,0.0,0.0,0.0,0.01,0.0,0.0,0.01
331,0.0,0.0,0.0,0.0,0.0,0.0,0.0,0.01,0.0,0.0,0.01,0.0,0.0
332,0.0,0.0,0.0,0.0,0.0,0.0,0.0,0.01,0.0,0.0,0.01,0.0,0.0
333,0.02,0.0,0.0,0.01,0.0,0.15,0.01,0.04,0.01,0.01,0.0,0.0,0.01
334,0.0,0.0,0.0,0.0,0.0,0.02,0.01,0.0,0.0,0.0,0.0,0.0,0.01
335,0.0,0.01,0.0,0.0,0.0,0.0,0.0,0.0,0.0,0.01,0.0,0.0,0.0
336,0.02,0.0,0.0,0.0,0.0,0.01,0.0,0.0,0.0,0.0,0.01,0.0,0.0
337,0.0,0.02,0.0,0.0,0.0,0.03,0.0,0.02,0.02,0.01,0.0,0.0,0.0
338,0.0,0.01,0.0,0.01,0.0,0.0,0.0,0.01,0.02,0.01,0.0,0.0,0.0
339,0.01,0.0,0.0,0.0,0.0,0.06,0.0,0.0,0.01,0.0,0.0,0.0,0.0
340,0.0,0.0,0.0,0.0,0.0,0.02,0.0,0.0,0.0,0.0,0.0,0.0,0.0
341,0.02,0.01,0.0,0.0,0.0,0.0,0.0,0.01,0.0,0.0,0.02,0.0,0.0
342,0.01,0.0,0.0,0.0,0.0,0.02,0.02,0.01,0.01,0.0,0.0,0.0,0.04
343,0.0,0.01,0.0,0.0,0.0,0.02,0.0,0.02,0.0,0.0,0.0,0.01,0.0
344,0.0,0.0,0.0,0.0,0.0,0.01,0.01,0.02,0.01,0.0,0.01,0.0,0.0
345,0.0,0.01,0.0,0.0,0.0,0.02,0.0,0.07,0.0,0.01,0.0,0.0,0.0
346,0.0,0.0,0.01,0.02,0.0,0.0,0.0,0.0,0.01,0.01,0.0,0.0,0.0
347,0.01,0.01,0.0,0.0,0.0,0.02,0.0,0.06,0.0,0.0,0.0,0.0,0.0
348,0.01,0.01,0.0,0.0,0.0,0.0,0.0,0.0,0.0,0.0,0.0,0.0,0.0
349,0.01,0.0,0.0,0.0,0.0,0.01,0.01,0.02,0.0,0.0,0.01,0.0,0.0
350,0.02,0.01,0.01,0.02,0.01,0.05,0.02,0.16,0.01,0.0,0.0,0.0,0.01
351,0.01,0.01,0.0,0.0,0.0,0.02,0.0,0.08,0.01,0.01,0.0,0.0,0.0
352,0.0,0.0,0.0,0.0,0.0,0.01,0.01,0.0,0.01,0.01,0.0,0.0,0.01
353,0.01,0.01,0.0,0.0,0.01,0.04,0.01,0.09,0.01,0.0,0.0,0.0,0.01
354,0.0,0.0,0.0,0.01,0.0,0.0,0.01,0.01,0.0,0.0,0.0,0.03,0.0
355,0.0,0.0,0.0,0.01,0.0,0.03,0.01,0.01,0.01,0.01,0.0,0.0,0.01
356,0.01,0.06,0.0,0.0,0.0,0.06,0.0,0.05,0.01,0.02,0.0,0.0,0.0
357,0.0,0.0,0.0,0.0,0.0,0.0,0.0,0.0,0.0,0.0,0.0,0.0,0.0
358,0.0,0.0,0.0,0.01,0.01,0.01,0.01,0.02,0.02,0.0,0.01,0.0,0.0
359,0.01,0.0,0.0,0.0,0.0,0.02,0.0,0.02,0.01,0.0,0.0,0.0,0.0
360,0.0,0.0,0.0,0.0,0.0,0.0,0.0,0.0,0.0,0.0,0.0,0.0,0.0
361,0.0,0.01,0.0,0.0,0.01,0.02,0.01,0.01,0.0,0.0,0.0,0.0,0.01
362,0.02,0.05,0.0,0.0,0.0,0.05,0.0,0.01,0.02,0.01,0.0,0.0,0.0
363,0.01,0.0,0.02,0.04,0.01,0.03,0.01,0.09,0.01,0.0,0.0,0.0,0.0
364,0.01,0.01,0.0,0.0,0.0,0.0,0.01,0.0,0.0,0.01,0.0,0.0,0.0
365,0.0,0.0,0.0,0.0,0.0,0.02,0.01,0.02,0.01,0.0,0.0,0.0,0.01
366,0.07,0.03,0.08,0.01,0.08,0.02,0.07,0.01,0.07,0.06,0.04,0.01,0.03
367,0.02,0.03,0.0,0.0,0.0,0.03,0.01,0.05,0.01,0.0,0.0,0.0,0.0
368,0.0,0.0,0.05,0.01,0.0,0.0,0.0,0.01,0.01,0.0,0.0,0.0,0.0
369,0.03,0.02,0.0,0.0,0.01,0.03,0.01,0.0,0.01,0.01,0.01,0.0,0.01
370,0.04,0.03,0.0,0.0,0.02,0.01,0.01,0.0,0.02,0.02,0.01,0.0,0.02
371,0.03,0.02,0.0,0.01,0.0,0.03,0.0,0.08,0.0,0.02,0.0,0.0,0.0
372,0.0,0.0,0.0,0.01,0.0,0.0,0.01,0.0,0.01,0.01,0.0,0.0,0.02
373,0.0,0.0,0.0,0.01,0.0,0.0,0.0,0.01,0.02,0.01,0.0,0.01,0.0
374,0.02,0.0,0.0,0.0,0.0,0.02,0.0,0.01,0.0,0.0,0.02,0.0,0.0
375,0.02,0.03,0.01,0.0,0.01,0.02,0.02,0.02,0.03,0.02,0.01,0.01,0.01
376,0.0,0.0,0.0,0.01,0.0,0.01,0.01,0.01,0.01,0.01,0.01,0.0,0.01
377,0.0,0.0,0.0,0.0,0.0,0.0,0.0,0.0,0.0,0.01,0.0,0.01,0.0
378,0.05,0.01,0.0,0.0,0.0,0.04,0.0,0.02,0.0,0.01,0.01,0.0,0.0
379,0.0,0.0,0.0,0.0,0.0,0.03,0.01,0.02,0.0,0.01,0.0,0.0,0.0
380,0.0,0.01,0.0,0.0,0.0,0.04,0.0,0.01,0.0,0.0,0.0,0.0,0.0
381,0.0,0.0,0.03,0.09,0.08,0.01,0.0,0.02,0.01,0.0,0.0,0.0,0.0
382,0.04,0.03,0.0,0.0,0.02,0.03,0.02,0.0,0.02,0.03,0.01,0.0,0.01
383,0.01,0.0,0.0,0.0,0.0,0.04,0.01,0.02,0.0,0.0,0.01,0.01,0.01
384,0.02,0.0,0.0,0.0,0.0,0.01,0.0,0.0,0.0,0.02,0.05,0.0,0.0
385,0.02,0.01,0.0,0.0,0.0,0.0,0.0,0.02,0.0,0.0,0.0,0.0,0.0
386,0.01,0.01,0.0,0.0,0.0,0.01,0.0,0.0,0.01,0.0,0.0,0.0,0.01
387,0.02,0.01,0.0,0.0,0.0,0.03,0.01,0.02,0.01,0.01,0.0,0.0,0.02
388,0.04,0.04,0.0,0.0,0.0,0.01,0.01,0.02,0.01,0.0,0.0,0.0,0.01
389,0.01,0.01,0.01,0.0,0.0,0.0,0.01,0.0,0.0,0.01,0.0,0.0,0.01
390,0.04,0.04,0.0,0.0,0.03,0.02,0.02,0.0,0.03,0.02,0.01,0.0,0.02
391,0.0,0.0,0.0,0.0,0.0,0.11,0.0,0.07,0.01,0.01,0.0,0.0,0.0
392,0.04,0.01,0.0,0.01,0.0,0.02,0.0,0.03,0.0,0.0,0.0,0.0,0.0
393,0.0,0.0,0.0,0.0,0.0,0.02,0.01,0.01,0.01,0.0,0.0,0.0,0.01
394,0.01,0.0,0.0,0.0,0.0,0.11,0.0,0.06,0.0,0.0,0.0,0.0,0.0
395,0.0,0.0,0.0,0.0,0.0,0.0,0.03,0.01,0.01,0.0,0.0,0.0,0.02
396,0.0,0.0,0.0,0.0,0.0,0.08,0.0,0.03,0.0,0.0,0.0,0.0,0.0
397,0.0,0.0,0.0,0.0,0.01,0.0,0.0,0.01,0.0,0.02,0.0,0.0,0.0
398,0.0,0.0,0.0,0.0,0.0,0.0,0.0,0.0,0.0,0.02,0.0,0.0,0.0
399,0.01,0.01,0.0,0.01,0.02,0.0,0.01,0.0,0.01,0.0,0.01,0.0,0.01
400,0.05,0.04,0.0,0.0,0.0,0.03,0.0,0.06,0.0,0.0,0.0,0.01,0.0
401,0.0,0.0,0.0,0.0,0.0,0.03,0.0,0.03,0.01,0.0,0.01,0.0,0.0
402,0.0,0.0,0.0,0.0,0.0,0.14,0.0,0.06,0.0,0.0,0.0,0.0,0.0
403,0.0,0.01,0.0,0.0,0.0,0.0,0.0,0.0,0.0,0.0,0.0,0.0,0.0
404,0.0,0.0,0.02,0.01,0.0,0.0,0.0,0.01,0.0,0.0,0.0,0.0,0.01
405,0.01,0.0,0.0,0.0,0.0,0.08,0.0,0.05,0.0,0.0,0.0,0.0,0.0
406,0.0,0.0,0.0,0.0,0.0,0.0,0.01,0.0,0.0,0.0,0.02,0.0,0.0
407,0.01,0.01,0.0,0.01,0.01,0.01,0.01,0.01,0.01,0.01,0.0,0.0,0.01
408,0.0,0.01,0.0,0.0,0.0,0.0,0.0,0.01,0.0,0.0,0.0,0.0,0.0
409,0.0,0.0,0.0,0.0,0.0,0.0,0.01,0.0,0.0,0.0,0.01,0.01,0.01
410,0.0,0.0,0.0,0.0,0.0,0.0,0.0,0.0,0.0,0.0,0.0,0.0,0.0
411,0.0,0.01,0.0,0.0,0.0,0.01,0.01,0.03,0.01,0.0,0.01,0.0,0.01
412,0.0,0.0,0.0,0.0,0.0,0.01,0.0,0.02,0.01,0.0,0.0,0.0,0.0
413,0.01,0.02,0.0,0.0,0.0,0.02,0.0,0.01,0.0,0.01,0.0,0.0,0.02
414,0.0,0.01,0.0,0.0,0.0,0.01,0.0,0.0,0.04,0.01,0.0,0.0,0.0
415,0.0,0.0,0.0,0.0,0.0,0.02,0.02,0.02,0.0,0.0,0.0,0.0,0.03
416,0.0,0.0,0.0,0.0,0.0,0.0,0.0,0.02,0.0,0.01,0.0,0.0,0.0
417,0.0,0.0,0.0,0.0,0.0,0.0,0.0,0.01,0.01,0.0,0.0,0.0,0.0
418,0.0,0.0,0.0,0.0,0.0,0.01,0.0,0.02,0.0,0.0,0.0,0.0,0.0
419,0.01,0.01,0.01,0.03,0.01,0.01,0.01,0.05,0.01,0.01,0.0,0.0,0.01
420,0.0,0.0,0.0,0.0,0.0,0.0,0.01,0.01,0.0,0.0,0.0,0.0,0.0
421,0.03,0.02,0.0,0.0,0.0,0.02,0.01,0.04,0.01,0.0,0.0,0.0,0.0
422,0.0,0.01,0.01,0.02,0.01,0.0,0.01,0.01,0.05,0.0,0.0,0.0,0.04
423,0.01,0.0,0.0,0.0,0.0,0.01,0.02,0.01,0.04,0.01,0.01,0.0,0.02
424,0.01,0.0,0.0,0.0,0.0,0.02,0.0,0.01,0.0,0.01,0.0,0.0,0.0
425,0.02,0.0,0.0,0.0,0.0,0.04,0.0,0.03,0.01,0.0,0.0,0.0,0.01
426,0.01,0.01,0.0,0.01,0.02,0.01,0.0,0.0,0.01,0.01,0.01,0.0,0.0
427,0.0,0.0,0.0,0.01,0.0,0.0,0.0,0.01,0.0,0.0,0.0,0.0,0.0
428,0.0,0.0,0.0,0.0,0.0,0.02,0.01,0.01,0.0,0.0,0.0,0.0,0.01
429,0.0,0.02,0.0,0.0,0.0,0.05,0.0,0.05,0.0,0.01,0.0,0.0,0.0
430,0.0,0.01,0.0,0.0,0.01,0.0,0.01,0.0,0.02,0.0,0.01,0.0,0.0
431,0.0,0.0,0.0,0.0,0.0,0.01,0.0,0.02,0.0,0.0,0.0,0.01,0.0
432,0.0,0.0,0.0,0.0,0.01,0.0,0.0,0.0,0.0,0.0,0.01,0.0,0.01
433,0.02,0.0,0.0,0.0,0.01,0.03,0.03,0.01,0.01,0.0,0.03,0.01,0.04
434,0.03,0.01,0.0,0.0,0.0,0.03,0.01,0.02,0.0,0.01,0.01,0.0,0.01
435,0.1,0.02,0.0,0.0,0.0,0.05,0.01,0.01,0.0,0.01,0.01,0.0,0.01
436,0.02,0.01,0.0,0.01,0.0,0.03,0.01,0.03,0.0,0.0,0.0,0.0,0.0
437,0.01,0.03,0.0,0.0,0.0,0.03,0.0,0.03,0.02,0.02,0.0,0.0,0.0
438,0.01,0.03,0.0,0.0,0.0,0.01,0.0,0.02,0.0,0.0,0.0,0.0,0.0
439,0.0,0.01,0.0,0.0,0.0,0.01,0.0,0.01,0.01,0.0,0.0,0.0,0.0
440,0.0,0.0,0.01,0.01,0.0,0.0,0.01,0.0,0.0,0.0,0.0,0.0,0.01
441,0.02,0.02,0.0,0.0,0.0,0.01,0.0,0.0,0.0,0.0,0.0,0.0,0.0
442,0.02,0.0,0.0,0.0,0.0,0.02,0.0,0.02,0.0,0.0,0.01,0.0,0.0
443,0.06,0.03,0.0,0.0,0.01,0.11,0.04,0.11,0.02,0.0,0.0,0.0,0.01
444,0.01,0.0,0.0,0.0,0.0,0.01,0.01,0.01,0.0,0.0,0.0,0.0,0.0
445,0.0,0.03,0.0,0.0,0.01,0.03,0.0,0.03,0.03,0.01,0.0,0.0,0.0
446,0.01,0.01,0.0,0.0,0.0,0.01,0.0,0.01,0.0,0.01,0.0,0.01,0.01
447,0.03,0.02,0.0,0.0,0.0,0.01,0.01,0.02,0.01,0.01,0.0,0.0,0.0
448,0.01,0.0,0.0,0.01,0.0,0.01,0.01,0.02,0.0,0.0,0.01,0.0,0.0
449,0.01,0.0,0.0,0.0,0.0,0.0,0.0,0.0,0.01,0.0,0.0,0.0,0.0
450,0.03,0.01,0.01,0.01,0.01,0.09,0.03,0.02,0.02,0.01,0.0,0.01,0.02
451,0.0,0.0,0.0,0.0,0.01,0.0,0.02,0.01,0.01,0.01,0.01,0.0,0.01
452,0.03,0.01,0.0,0.0,0.0,0.08,0.01,0.04,0.01,0.01,0.0,0.0,0.01
453,0.02,0.01,0.0,0.0,0.0,0.05,0.01,0.17,0.01,0.0,0.0,0.0,0.0
454,0.01,0.01,0.0,0.0,0.01,0.0,0.01,0.01,0.03,0.03,0.0,0.01,0.0
455,0.0,0.0,0.0,0.0,0.0,0.0,0.01,0.0,0.0,0.0,0.0,0.0,0.01
456,0.01,0.01,0.0,0.0,0.0,0.01,0.01,0.0,0.01,0.0,0.0,0.0,0.02
457,0.01,0.01,0.0,0.01,0.0,0.0,0.0,0.02,0.0,0.0,0.0,0.0,0.0
458,0.02,0.0,0.0,0.01,0.01,0.02,0.0,0.02,0.0,0.01,0.0,0.0,0.0
459,0.01,0.01,0.0,0.0,0.0,0.02,0.0,0.01,0.02,0.01,0.0,0.0,0.0
460,0.0,0.01,0.0,0.0,0.0,0.0,0.0,0.0,0.02,0.0,0.01,0.0,0.0
461,0.01,0.0,0.0,0.0,0.0,0.0,0.02,0.0,0.0,0.0,0.03,0.0,0.03
462,0.01,0.01,0.0,0.0,0.01,0.1,0.02,0.04,0.01,0.0,0.0,0.0,0.01
463,0.0,0.0,0.04,0.01,0.0,0.01,0.0,0.01,0.03,0.01,0.0,0.0,0.0
464,0.03,0.03,0.0,0.0,0.02,0.02,0.02,0.01,0.01,0.02,0.01,0.0,0.02
465,0.0,0.0,0.01,0.0,0.0,0.08,0.0,0.04,0.01,0.0,0.0,0.0,0.0
466,0.02,0.01,0.0,0.0,0.0,0.0,0.0,0.01,0.0,0.0,0.0,0.0,0.01
467,0.03,0.01,0.0,0.0,0.0,0.01,0.0,0.0,0.0,0.0,0.0,0.0,0.0
468,0.02,0.03,0.0,0.0,0.0,0.0,0.0,0.02,0.0,0.0,0.0,0.01,0.01
469,0.02,0.01,0.0,0.0,0.0,0.01,0.0,0.02,0.0,0.01,0.01,0.0,0.01
470,0.03,0.01,0.0,0.0,0.01,0.05,0.01,0.04,0.01,0.0,0.0,0.0,0.02
471,0.03,0.01,0.0,0.01,0.0,0.02,0.0,0.02,0.0,0.01,0.0,0.0,0.0
472,0.0,0.01,0.0,0.0,0.0,0.02,0.0,0.03,0.0,0.0,0.0,0.0,0.0
473,0.0,0.01,0.0,0.01,0.01,0.0,0.0,0.0,0.01,0.0,0.0,0.01,0.0
474,0.0,0.0,0.0,0.01,0.0,0.0,0.01,0.01,0.0,0.0,0.01,0.0,0.0
475,0.0,0.0,0.0,0.0,0.0,0.01,0.0,0.03,0.01,0.0,0.01,0.0,0.0
476,0.01,0.01,0.0,0.01,0.0,0.02,0.01,0.01,0.01,0.0,0.0,0.0,0.04
477,0.0,0.0,0.0,0.0,0.0,0.0,0.01,0.01,0.0,0.0,0.0,0.0,0.0
478,0.01,0.0,0.01,0.01,0.01,0.01,0.01,0.01,0.01,0.0,0.0,0.01,0.03
479,0.08,0.01,0.0,0.0,0.0,0.04,0.0,0.02,0.0,0.01,0.0,0.0,0.0
480,0.0,0.0,0.0,0.0,0.0,0.0,0.06,0.01,0.05,0.03,0.02,0.0,0.04
481,0.0,0.0,0.0,0.0,0.0,0.0,0.03,0.01,0.0,0.0,0.0,0.0,0.07
482,0.0,0.01,0.0,0.0,0.0,0.03,0.0,0.01,0.0,0.01,0.0,0.04,0.0
483,0.02,0.01,0.0,0.0,0.0,0.03,0.01,0.02,0.0,0.0,0.0,0.0,0.0
484,0.01,0.0,0.0,0.0,0.0,0.0,0.0,0.01,0.0,0.01,0.01,0.0,0.0
485,0.0,0.0,0.0,0.0,0.0,0.0,0.0,0.01,0.0,0.01,0.01,0.0,0.0
486,0.04,0.01,0.0,0.0,0.01,0.0,0.01,0.01,0.0,0.01,0.01,0.0,0.0
487,0.0,0.0,0.0,0.0,0.0,0.0,0.0,0.0,0.0,0.0,0.0,0.0,0.0
488,0.03,0.03,0.0,0.0,0.0,0.05,0.01,0.06,0.01,0.01,0.0,0.0,0.0
489,0.0,0.0,0.02,0.01,0.0,0.0,0.0,0.0,0.0,0.0,0.0,0.0,0.0
490,0.0,0.01,0.01,0.01,0.01,0.02,0.01,0.02,0.01,0.01,0.0,0.0,0.01
491,0.03,0.01,0.01,0.01,0.01,0.04,0.01,0.01,0.01,0.0,0.0,0.0,0.02
492,0.0,0.0,0.0,0.01,0.0,0.0,0.0,0.0,0.0,0.0,0.02,0.0,0.0
493,0.03,0.0,0.0,0.0,0.0,0.14,0.01,0.04,0.01,0.0,0.0,0.0,0.01
494,0.0,0.01,0.0,0.0,0.0,0.0,0.0,0.0,0.0,0.0,0.0,0.0,0.0
495,0.0,0.0,0.0,0.0,0.0,0.0,0.0,0.0,0.0,0.0,0.0,0.01,0.0
496,0.01,0.01,0.02,0.01,0.02,0.01,0.01,0.01,0.0,0.0,0.0,0.0,0.01
497,0.01,0.01,0.0,0.0,0.0,0.0,0.01,0.0,0.0,0.0,0.04,0.0,0.0
498,0.0,0.0,0.0,0.0,0.02,0.02,0.02,0.02,0.0,0.0,0.0,0.0,0.02
499,0.0,0.01,0.01,0.0,0.01,0.0,0.02,0.0,0.01,0.01,0.01,0.0,0.01
500,0.0,0.0,0.0,0.0,0.0,0.0,0.01,0.01,0.0,0.0,0.0,0.0,0.01
501,0.02,0.01,0.0,0.0,0.0,0.03,0.0,0.02,0.0,0.0,0.0,0.0,0.0
502,0.0,0.0,0.0,0.0,0.0,0.0,0.0,0.0,0.0,0.0,0.0,0.0,0.0
503,0.0,0.0,0.03,0.01,0.0,0.0,0.03,0.03,0.02,0.0,0.0,0.04,0.03
504,0.0,0.0,0.0,0.0,0.0,0.11,0.0,0.04,0.0,0.0,0.0,0.0,0.0
505,0.0,0.0,0.0,0.0,0.01,0.01,0.01,0.0,0.01,0.01,0.0,0.0,0.01
506,0.03,0.02,0.0,0.0,0.0,0.01,0.01,0.04,0.0,0.0,0.0,0.0,0.0
507,0.0,0.0,0.0,0.0,0.0,0.12,0.0,0.06,0.0,0.0,0.0,0.0,0.0
508,0.0,0.01,0.0,0.0,0.0,0.13,0.01,0.04,0.01,0.01,0.0,0.0,0.01
509,0.01,0.0,0.0,0.0,0.0,0.02,0.0,0.03,0.0,0.0,0.0,0.0,0.01
510,0.03,0.05,0.0,0.0,0.01,0.03,0.02,0.01,0.02,0.02,0.0,0.0,0.02
511,0.02,0.0,0.0,0.0,0.0,0.01,0.0,0.01,0.0,0.0,0.0,0.0,0.0
512,0.01,0.04,0.0,0.0,0.0,0.01,0.0,0.01,0.01,0.02,0.01,0.0,0.0
513,0.0,0.0,0.0,0.0,0.0,0.0,0.0,0.0,0.0,0.0,0.0,0.0,0.0
514,0.01,0.01,0.0,0.0,0.0,0.01,0.0,0.03,0.0,0.0,0.0,0.0,0.0
515,0.02,0.01,0.0,0.0,0.0,0.03,0.0,0.03,0.01,0.0,0.06,0.0,0.01
516,0.14,0.02,0.0,0.01,0.0,0.06,0.01,0.01,0.0,0.01,0.01,0.0,0.01
517,0.0,0.0,0.05,0.03,0.01,0.0,0.0,0.01,0.01,0.0,0.0,0.05,0.0
518,0.0,0.0,0.0,0.0,0.0,0.0,0.0,0.0,0.0,0.0,0.0,0.0,0.0
519,0.0,0.0,0.0,0.01,0.0,0.0,0.0,0.0,0.0,0.0,0.0,0.0,0.0
520,0.0,0.0,0.0,0.0,0.0,0.11,0.01,0.06,0.0,0.0,0.0,0.0,0.01
521,0.0,0.0,0.0,0.0,0.0,0.0,0.01,0.0,0.0,0.0,0.0,0.0,0.0
522,0.05,0.01,0.0,0.01,0.01,0.02,0.02,0.02,0.04,0.01,0.01,0.0,0.01
523,0.09,0.05,0.0,0.0,0.0,0.07,0.0,0.08,0.01,0.0,0.0,0.0,0.01
524,0.01,0.0,0.0,0.01,0.01,0.05,0.01,0.02,0.02,0.02,0.0,0.0,0.01
525,0.01,0.0,0.0,0.0,0.0,0.03,0.0,0.03,0.0,0.01,0.0,0.0,0.0
526,0.01,0.06,0.0,0.0,0.0,0.06,0.0,0.07,0.01,0.01,0.0,0.0,0.0
527,0.0,0.0,0.0,0.01,0.01,0.0,0.01,0.0,0.0,0.01,0.0,0.0,0.0
528,0.0,0.0,0.0,0.0,0.0,0.0,0.0,0.0,0.0,0.0,0.01,0.01,0.0
529,0.0,0.0,0.0,0.0,0.0,0.0,0.02,0.0,0.0,0.0,0.0,0.0,0.0
530,0.02,0.01,0.0,0.0,0.0,0.03,0.01,0.03,0.0,0.0,0.0,0.0,0.02
531,0.0,0.0,0.0,0.0,0.0,0.0,0.01,0.01,0.0,0.0,0.0,0.0,0.0
532,0.14,0.03,0.0,0.01,0.01,0.07,0.01,0.02,0.01,0.01,0.01,0.0,0.01
533,0.03,0.01,0.0,0.0,0.0,0.01,0.0,0.02,0.0,0.0,0.0,0.0,0.01
534,0.15,0.09,0.0,0.0,0.0,0.02,0.0,0.02,0.0,0.01,0.01,0.0,0.0
535,0.03,0.03,0.0,0.0,0.02,0.02,0.01,0.04,0.01,0.01,0.01,0.0,0.01
536,0.01,0.0,0.0,0.01,0.0,0.03,0.01,0.04,0.0,0.0,0.0,0.0,0.0
537,0.01,0.0,0.0,0.0,0.0,0.03,0.01,0.1,0.01,0.0,0.0,0.0,0.0
538,0.0,0.0,0.0,0.0,0.0,0.0,0.02,0.0,0.01,0.03,0.0,0.01,0.0
539,0.01,0.01,0.0,0.0,0.0,0.02,0.0,0.06,0.01,0.01,0.0,0.0,0.0
540,0.0,0.0,0.0,0.0,0.0,0.0,0.0,0.0,0.0,0.0,0.0,0.0,0.01
541,0.03,0.02,0.0,0.0,0.0,0.04,0.0,0.02,0.01,0.0,0.0,0.0,0.0
542,0.01,0.01,0.0,0.01,0.0,0.0,0.0,0.0,0.01,0.0,0.01,0.0,0.0
543,0.01,0.0,0.0,0.0,0.0,0.02,0.02,0.02,0.02,0.01,0.01,0.0,0.01
544,0.0,0.0,0.0,0.0,0.0,0.02,0.0,0.01,0.0,0.0,0.08,0.0,0.0
545,0.01,0.0,0.0,0.0,0.0,0.01,0.01,0.05,0.0,0.01,0.0,0.0,0.0
546,0.0,0.0,0.0,0.0,0.0,0.03,0.0,0.01,0.0,0.0,0.0,0.0,0.0
547,0.02,0.0,0.0,0.01,0.0,0.03,0.01,0.09,0.0,0.01,0.0,0.0,0.0
548,0.0,0.0,0.0,0.0,0.0,0.06,0.0,0.02,0.0,0.0,0.0,0.0,0.0
549,0.03,0.01,0.01,0.01,0.01,0.03,0.01,0.02,0.02,0.0,0.0,0.0,0.02
550,0.01,0.01,0.0,0.0,0.0,0.01,0.01,0.02,0.0,0.01,0.01,0.0,0.02
551,0.02,0.0,0.0,0.0,0.01,0.0,0.0,0.01,0.0,0.0,0.05,0.0,0.0
552,0.01,0.0,0.0,0.0,0.0,0.07,0.0,0.09,0.0,0.0,0.0,0.0,0.0
553,0.0,0.0,0.0,0.0,0.0,0.02,0.02,0.01,0.02,0.0,0.0,0.0,0.02
554,0.05,0.02,0.0,0.0,0.0,0.01,0.01,0.0,0.0,0.01,0.0,0.0,0.0
555,0.0,0.01,0.0,0.01,0.0,0.0,0.01,0.01,0.01,0.01,0.0,0.0,0.0
556,0.01,0.01,0.0,0.0,0.01,0.04,0.01,0.02,0.01,0.0,0.0,0.0,0.01
557,0.0,0.0,0.0,0.0,0.0,0.12,0.0,0.06,0.0,0.0,0.0,0.0,0.0
558,0.0,0.0,0.01,0.0,0.0,0.05,0.0,0.02,0.01,0.0,0.01,0.0,0.0
559,0.05,0.01,0.0,0.0,0.0,0.03,0.0,0.04,0.0,0.0,0.0,0.0,0.0
560,0.01,0.01,0.01,0.0,0.04,0.01,0.02,0.01,0.02,0.01,0.02,0.0,0.02
561,0.01,0.0,0.0,0.0,0.0,0.0,0.01,0.0,0.0,0.0,0.0,0.0,0.0
562,0.0,0.01,0.0,0.0,0.0,0.0,0.0,0.0,0.01,0.0,0.0,0.0,0.0
563,0.02,0.01,0.0,0.0,0.01,0.06,0.02,0.13,0.01,0.0,0.0,0.0,0.01
564,0.02,0.01,0.0,0.0,0.0,0.12,0.01,0.05,0.01,0.0,0.0,0.0,0.01
565,0.0,0.0,0.0,0.01,0.01,0.0,0.01,0.0,0.02,0.01,0.0,0.0,0.01
566,0.0,0.0,0.0,0.0,0.0,0.01,0.01,0.01,0.0,0.0,0.02,0.0,0.0
567,0.05,0.03,0.0,0.0,0.0,0.03,0.0,0.06,0.0,0.0,0.0,0.0,0.0
568,0.0,0.01,0.0,0.0,0.0,0.0,0.0,0.0,0.01,0.01,0.0,0.0,0.0
569,0.0,0.0,0.0,0.0,0.0,0.0,0.0,0.0,0.0,0.0,0.0,0.0,0.0
570,0.0,0.0,0.0,0.01,0.0,0.0,0.0,0.01,0.02,0.0,0.0,0.0,0.0
571,0.0,0.01,0.01,0.01,0.0,0.0,0.0,0.0,0.02,0.0,0.0,0.0,0.0
572,0.0,0.0,0.02,0.02,0.0,0.0,0.0,0.0,0.0,0.0,0.0,0.0,0.0
573,0.02,0.02,0.0,0.0,0.0,0.0,0.0,0.01,0.0,0.0,0.01,0.0,0.0
574,0.01,0.04,0.0,0.0,0.0,0.05,0.01,0.01,0.01,0.01,0.0,0.0,0.0
575,0.01,0.06,0.0,0.0,0.0,0.06,0.0,0.05,0.03,0.01,0.0,0.0,0.0
576,0.01,0.0,0.0,0.0,0.01,0.0,0.0,0.0,0.02,0.01,0.0,0.0,0.01
577,0.01,0.0,0.0,0.0,0.0,0.0,0.0,0.0,0.0,0.0,0.0,0.0,0.0
578,0.11,0.03,0.0,0.0,0.0,0.06,0.01,0.0,0.0,0.02,0.01,0.0,0.01
579,0.01,0.02,0.0,0.0,0.01,0.02,0.0,0.0,0.0,0.0,0.0,0.0,0.01
580,0.0,0.0,0.0,0.01,0.01,0.02,0.01,0.01,0.0,0.01,0.0,0.0,0.02
581,0.0,0.01,0.0,0.02,0.01,0.0,0.01,0.01,0.01,0.0,0.0,0.0,0.0
582,0.0,0.01,0.0,0.0,0.0,0.0,0.0,0.0,0.01,0.0,0.0,0.0,0.0
583,0.01,0.0,0.0,0.01,0.0,0.01,0.01,0.0,0.02,0.01,0.0,0.0,0.01
584,0.02,0.0,0.0,0.0,0.01,0.12,0.01,0.04,0.01,0.0,0.0,0.01,0.02
585,0.02,0.01,0.0,0.01,0.0,0.04,0.01,0.03,0.02,0.0,0.0,0.0,0.01
586,0.0,0.0,0.0,0.0,0.01,0.0,0.01,0.0,0.01,0.01,0.0,0.0,0.0
587,0.01,0.0,0.0,0.01,0.0,0.04,0.01,0.02,0.0,0.0,0.0,0.0,0.02
588,0.0,0.01,0.0,0.0,0.01,0.02,0.01,0.02,0.0,0.0,0.0,0.0,0.01
589,0.01,0.0,0.0,0.0,0.0,0.01,0.01,0.01,0.0,0.0,0.0,0.0,0.05
590,0.02,0.0,0.0,0.0,0.0,0.01,0.0,0.01,0.0,0.0,0.0,0.0,0.0
591,0.0,0.0,0.0,0.0,0.01,0.0,0.01,0.0,0.0,0.0,0.0,0.0,0.01
592,0.06,0.01,0.0,0.0,0.0,0.04,0.0,0.01,0.0,0.01,0.0,0.0,0.0
593,0.02,0.01,0.0,0.0,0.01,0.02,0.01,0.01,0.01,0.0,0.0,0.0,0.01
594,0.01,0.0,0.0,0.01,0.0,0.0,0.0,0.01,0.01,0.0,0.0,0.01,0.0
595,0.01,0.0,0.0,0.0,0.0,0.0,0.01,0.0,0.0,0.0,0.02,0.0,0.0
596,0.0,0.01,0.0,0.0,0.0,0.0,0.0,0.02,0.01,0.01,0.0,0.0,0.0
597,0.02,0.0,0.0,0.0,0.01,0.06,0.01,0.03,0.01,0.01,0.0,0.0,0.01
598,0.0,0.0,0.0,0.0,0.0,0.02,0.01,0.02,0.0,0.0,0.0,0.0,0.02
599,0.01,0.01,0.0,0.0,0.01,0.01,0.01,0.04,0.01,0.01,0.01,0.0,0.0
600,0.0,0.0,0.0,0.0,0.0,0.0,0.0,0.0,0.0,0.0,0.0,0.0,0.0
601,0.0,0.01,0.0,0.0,0.0,0.04,0.01,0.03,0.0,0.01,0.0,0.0,0.01
602,0.0,0.0,0.0,0.0,0.0,0.0,0.0,0.01,0.0,0.0,0.0,0.0,0.0
603,0.0,0.0,0.01,0.02,0.01,0.0,0.0,0.0,0.02,0.01,0.0,0.0,0.0
604,0.0,0.01,0.0,0.0,0.0,0.0,0.0,0.0,0.01,0.01,0.01,0.01,0.0
605,0.0,0.0,0.0,0.0,0.0,0.0,0.0,0.0,0.0,0.0,0.0,0.0,0.01
606,0.05,0.05,0.0,0.0,0.0,0.03,0.0,0.06,0.0,0.0,0.0,0.0,0.0
607,0.0,0.0,0.0,0.01,0.02,0.0,0.0,0.0,0.0,0.0,0.0,0.0,0.0
608,0.09,0.05,0.0,0.01,0.01,0.03,0.01,0.04,0.01,0.01,0.01,0.01,0.01
609,0.01,0.04,0.01,0.0,0.0,0.04,0.0,0.0,0.02,0.01,0.0,0.0,0.01
610,0.01,0.01,0.0,0.0,0.0,0.03,0.0,0.0,0.0,0.01,0.0,0.0,0.0
611,0.02,0.02,0.0,0.0,0.0,0.01,0.0,0.01,0.0,0.0,0.0,0.0,0.0
612,0.0,0.02,0.01,0.0,0.0,0.0,0.01,0.0,0.07,0.03,0.01,0.0,0.01
613,0.12,0.03,0.0,0.0,0.0,0.05,0.0,0.01,0.0,0.01,0.0,0.01,0.0
614,0.01,0.01,0.0,0.0,0.01,0.02,0.0,0.02,0.01,0.0,0.0,0.0,0.01
615,0.0,0.0,0.0,0.0,0.0,0.01,0.0,0.0,0.0,0.0,0.0,0.0,0.0
616,0.01,0.0,0.0,0.0,0.0,0.04,0.0,0.03,0.01,0.01,0.0,0.0,0.01
617,0.0,0.01,0.0,0.0,0.0,0.0,0.0,0.0,0.0,0.0,0.0,0.0,0.0
618,0.01,0.01,0.0,0.0,0.01,0.01,0.01,0.01,0.01,0.0,0.0,0.0,0.01
619,0.03,0.02,0.0,0.0,0.0,0.04,0.0,0.04,0.0,0.01,0.01,0.0,0.0
620,0.08,0.01,0.0,0.0,0.0,0.05,0.01,0.05,0.0,0.01,0.0,0.0,0.0
621,0.1,0.02,0.0,0.0,0.0,0.05,0.01,0.03,0.0,0.01,0.0,0.0,0.01
622,0.01,0.0,0.0,0.0,0.0,0.03,0.02,0.0,0.01,0.0,0.0,0.0,0.02
623,0.01,0.01,0.0,0.0,0.0,0.04,0.0,0.01,0.06,0.02,0.0,0.0,0.0
624,0.01,0.01,0.01,0.01,0.01,0.01,0.01,0.01,0.01,0.01,0.0,0.0,0.01
625,0.03,0.02,0.0,0.0,0.0,0.04,0.01,0.03,0.0,0.01,0.01,0.0,0.01
626,0.01,0.01,0.0,0.0,0.0,0.0,0.0,0.0,0.01,0.02,0.0,0.0,0.0
627,0.0,0.0,0.0,0.0,0.0,0.0,0.01,0.0,0.01,0.0,0.0,0.0,0.03
628,0.03,0.01,0.0,0.0,0.0,0.01,0.0,0.0,0.0,0.01,0.02,0.0,0.0
629,0.02,0.0,0.0,0.0,0.0,0.12,0.01,0.03,0.01,0.01,0.04,0.0,0.01
630,0.02,0.01,0.0,0.0,0.01,0.01,0.0,0.0,0.0,0.0,0.0,0.0,0.0
631,0.01,0.02,0.0,0.0,0.01,0.02,0.01,0.0,0.01,0.02,0.0,0.0,0.01
632,0.01,0.01,0.0,0.0,0.0,0.0,0.0,0.0,0.0,0.0,0.0,0.0,0.01
633,0.0,0.01,0.0,0.0,0.0,0.0,0.01,0.0,0.0,0.0,0.0,0.0,0.0
634,0.04,0.04,0.0,0.0,0.0,0.03,0.0,0.06,0.01,0.01,0.0,0.0,0.0
635,0.13,0.02,0.0,0.0,0.0,0.07,0.01,0.01,0.0,0.01,0.01,0.0,0.01
636,0.01,0.0,0.0,0.0,0.0,0.02,0.0,0.06,0.02,0.02,0.0,0.0,0.0
637,0.01,0.01,0.0,0.0,0.0,0.01,0.01,0.01,0.01,0.01,0.0,0.0,0.01
638,0.0,0.0,0.0,0.0,0.0,0.0,0.0,0.0,0.0,0.0,0.0,0.0,0.0
639,0.0,0.0,0.0,0.0,0.0,0.0,0.0,0.0,0.0,0.0,0.0,0.0,0.0
640,0.04,0.04,0.0,0.0,0.01,0.02,0.01,0.04,0.01,0.01,0.02,0.02,0.01
641,0.01,0.01,0.0,0.01,0.01,0.02,0.0,0.02,0.01,0.0,0.01,0.0,0.0
642,0.01,0.01,0.0,0.0,0.0,0.02,0.0,0.02,0.02,0.01,0.0,0.0,0.01
643,0.01,0.01,0.0,0.0,0.01,0.0,0.02,0.01,0.01,0.01,0.0,0.0,0.05
644,0.01,0.02,0.0,0.0,0.01,0.0,0.02,0.01,0.0,0.0,0.01,0.01,0.05
645,0.01,0.0,0.08,0.02,0.01,0.01,0.0,0.01,0.03,0.01,0.0,0.0,0.0
646,0.05,0.03,0.0,0.0,0.0,0.02,0.09,0.01,0.04,0.03,0.03,0.0,0.08
647,0.0,0.0,0.02,0.04,0.01,0.02,0.01,0.05,0.02,0.0,0.0,0.0,0.0
648,0.01,0.0,0.0,0.0,0.0,0.01,0.0,0.01,0.0,0.0,0.01,0.0,0.01
649,0.0,0.0,0.0,0.0,0.0,0.0,0.0,0.01,0.0,0.0,0.0,0.0,0.0
650,0.0,0.0,0.0,0.0,0.0,0.01,0.0,0.03,0.0,0.0,0.0,0.0,0.0
651,0.03,0.0,0.0,0.0,0.0,0.01,0.0,0.01,0.0,0.01,0.01,0.0,0.0
652,0.0,0.0,0.0,0.0,0.0,0.02,0.0,0.0,0.0,0.0,0.01,0.0,0.01
653,0.01,0.0,0.0,0.01,0.01,0.03,0.01,0.01,0.01,0.0,0.0,0.0,0.01
654,0.02,0.01,0.0,0.0,0.0,0.05,0.01,0.03,0.01,0.0,0.0,0.0,0.02
655,0.02,0.03,0.0,0.0,0.0,0.03,0.0,0.01,0.01,0.01,0.0,0.0,0.0
656,0.0,0.0,0.01,0.03,0.03,0.0,0.0,0.02,0.0,0.0,0.0,0.01,0.0
657,0.0,0.0,0.0,0.0,0.0,0.0,0.0,0.01,0.0,0.0,0.0,0.0,0.01
658,0.01,0.0,0.0,0.0,0.01,0.0,0.01,0.02,0.02,0.0,0.01,0.0,0.01
659,0.01,0.0,0.03,0.04,0.01,0.02,0.0,0.04,0.01,0.0,0.0,0.0,0.01
660,0.02,0.01,0.0,0.0,0.0,0.03,0.01,0.03,0.01,0.01,0.0,0.0,0.0
661,0.0,0.01,0.0,0.0,0.01,0.09,0.02,0.03,0.0,0.0,0.0,0.0,0.01
662,0.0,0.0,0.0,0.0,0.0,0.01,0.01,0.0,0.01,0.03,0.0,0.0,0.01
663,0.01,0.01,0.0,0.0,0.0,0.02,0.07,0.0,0.03,0.02,0.03,0.0,0.05
664,0.01,0.0,0.0,0.0,0.0,0.02,0.0,0.04,0.0,0.0,0.0,0.0,0.0
665,0.0,0.0,0.0,0.04,0.03,0.0,0.0,0.0,0.03,0.0,0.0,0.0,0.0
666,0.0,0.01,0.0,0.0,0.01,0.01,0.0,0.0,0.01,0.0,0.0,0.0,0.0
667,0.0,0.0,0.0,0.0,0.01,0.03,0.01,0.01,0.0,0.0,0.0,0.0,0.01
668,0.04,0.04,0.0,0.0,0.0,0.04,0.0,0.05,0.0,0.01,0.0,0.0,0.0
669,0.01,0.05,0.0,0.0,0.0,0.04,0.0,0.04,0.01,0.01,0.0,0.0,0.0
670,0.0,0.0,0.0,0.0,0.0,0.01,0.0,0.07,0.01,0.0,0.0,0.0,0.0
671,0.02,0.0,0.0,0.0,0.0,0.02,0.01,0.0,0.01,0.01,0.0,0.0,0.02
672,0.0,0.0,0.0,0.0,0.0,0.01,0.01,0.02,0.02,0.03,0.0,0.01,0.03
673,0.01,0.05,0.0,0.01,0.0,0.05,0.0,0.06,0.01,0.01,0.0,0.0,0.0
674,0.01,0.0,0.0,0.0,0.0,0.03,0.0,0.03,0.01,0.0,0.0,0.0,0.01
675,0.0,0.0,0.0,0.0,0.0,0.0,0.0,0.01,0.02,0.01,0.0,0.01,0.0
676,0.0,0.01,0.0,0.0,0.0,0.02,0.0,0.08,0.0,0.01,0.0,0.0,0.0
677,0.02,0.01,0.0,0.0,0.0,0.01,0.0,0.02,0.0,0.01,0.02,0.0,0.0
678,0.01,0.0,0.0,0.0,0.01,0.03,0.01,0.03,0.01,0.0,0.0,0.0,0.01
679,0.0,0.0,0.0,0.0,0.0,0.0,0.0,0.0,0.0,0.0,0.0,0.0,0.0
680,0.01,0.02,0.0,0.0,0.01,0.03,0.01,0.04,0.01,0.01,0.0,0.01,0.01
681,0.0,0.0,0.0,0.0,0.0,0.0,0.0,0.0,0.02,0.01,0.0,0.0,0.0
682,0.03,0.02,0.0,0.0,0.0,0.04,0.02,0.01,0.01,0.04,0.0,0.0,0.01
683,0.0,0.0,0.02,0.0,0.0,0.0,0.0,0.0,0.0,0.0,0.0,0.0,0.01
684,0.0,0.0,0.0,0.0,0.0,0.0,0.01,0.0,0.0,0.0,0.0,0.0,0.01
685,0.01,0.01,0.0,0.0,0.0,0.01,0.0,0.0,0.01,0.01,0.01,0.0,0.0
686,0.02,0.0,0.0,0.0,0.0,0.03,0.0,0.01,0.0,0.0,0.0,0.0,0.0
687,0.14,0.06,0.13,0.02,0.12,0.04,0.12,0.02,0.11,0.1,0.07,0.02,0.06
688,0.0,0.0,0.0,0.0,0.01,0.02,0.01,0.01,0.01,0.01,0.0,0.0,0.01
689,0.0,0.0,0.0,0.01,0.0,0.0,0.0,0.0,0.0,0.0,0.0,0.0,0.0
690,0.0,0.01,0.0,0.01,0.0,0.01,0.0,0.02,0.01,0.0,0.0,0.0,0.0
691,0.01,0.01,0.0,0.0,0.0,0.02,0.01,0.0,0.02,0.01,0.0,0.0,0.05
692,0.02,0.01,0.0,0.0,0.0,0.04,0.01,0.11,0.01,0.0,0.0,0.0,0.01
693,0.02,0.01,0.0,0.0,0.0,0.01,0.01,0.04,0.0,0.01,0.0,0.0,0.01
694,0.01,0.0,0.0,0.01,0.0,0.0,0.0,0.0,0.01,0.0,0.0,0.0,0.0
695,0.02,0.01,0.0,0.0,0.0,0.03,0.0,0.02,0.0,0.0,0.0,0.0,0.0
696,0.0,0.0,0.0,0.0,0.0,0.0,0.0,0.01,0.0,0.0,0.0,0.0,0.0
697,0.0,0.01,0.0,0.0,0.0,0.03,0.01,0.02,0.0,0.01,0.0,0.02,0.01
698,0.01,0.01,0.0,0.0,0.0,0.03,0.0,0.01,0.01,0.0,0.01,0.0,0.0
699,0.01,0.0,0.0,0.0,0.0,0.01,0.0,0.05,0.0,0.0,0.0,0.0,0.0
700,0.01,0.0,0.0,0.0,0.0,0.01,0.0,0.01,0.0,0.0,0.0,0.0,0.0
701,0.01,0.0,0.0,0.0,0.0,0.01,0.0,0.01,0.0,0.0,0.0,0.0,0.0
702,0.0,0.0,0.0,0.0,0.0,0.0,0.0,0.0,0.01,0.0,0.03,0.0,0.01
703,0.0,0.0,0.0,0.03,0.0,0.0,0.0,0.0,0.0,0.0,0.0,0.0,0.0
704,0.0,0.0,0.0,0.0,0.0,0.01,0.01,0.01,0.01,0.0,0.0,0.0,0.02
705,0.05,0.01,0.0,0.0,0.01,0.2,0.03,0.04,0.02,0.01,0.01,0.0,0.02
706,0.05,0.03,0.0,0.0,0.02,0.02,0.01,0.0,0.01,0.01,0.01,0.0,0.01
707,0.0,0.0,0.0,0.01,0.0,0.0,0.0,0.01,0.03,0.01,0.0,0.0,0.0
708,0.0,0.0,0.0,0.0,0.0,0.0,0.0,0.0,0.0,0.01,0.0,0.0,0.0
709,0.0,0.01,0.0,0.0,0.01,0.0,0.0,0.01,0.01,0.07,0.01,0.0,0.01
710,0.05,0.02,0.0,0.01,0.01,0.04,0.08,0.03,0.03,0.03,0.02,0.0,0.06
711,0.01,0.01,0.0,0.01,0.0,0.02,0.0,0.02,0.01,0.01,0.0,0.0,0.0
712,0.0,0.01,0.0,0.0,0.0,0.01,0.01,0.05,0.0,0.01,0.0,0.0,0.01
713,0.01,0.01,0.0,0.0,0.0,0.03,0.01,0.01,0.01,0.0,0.0,0.0,0.01
714,0.01,0.06,0.0,0.0,0.0,0.06,0.0,0.01,0.02,0.01,0.0,0.0,0.0
715,0.0,0.01,0.0,0.0,0.0,0.01,0.01,0.0,0.02,0.01,0.0,0.0,0.02
716,0.1,0.01,0.0,0.0,0.0,0.04,0.0,0.02,0.0,0.01,0.0,0.0,0.0
717,0.0,0.0,0.0,0.0,0.0,0.0,0.0,0.0,0.0,0.0,0.0,0.0,0.0
718,0.0,0.0,0.0,0.0,0.01,0.02,0.02,0.03,0.01,0.01,0.0,0.0,0.02
719,0.03,0.02,0.0,0.0,0.0,0.03,0.0,0.02,0.0,0.01,0.0,0.0,0.01
720,0.0,0.0,0.0,0.0,0.01,0.0,0.0,0.0,0.01,0.0,0.0,0.0,0.01
721,0.0,0.0,0.0,0.01,0.0,0.0,0.0,0.0,0.0,0.0,0.0,0.0,0.0
722,0.03,0.02,0.0,0.0,0.01,0.04,0.01,0.01,0.01,0.0,0.0,0.0,0.01
723,0.01,0.01,0.0,0.0,0.0,0.01,0.0,0.03,0.0,0.01,0.0,0.02,0.0
724,0.0,0.0,0.0,0.0,0.02,0.0,0.0,0.01,0.0,0.0,0.0,0.0,0.0
725,0.0,0.0,0.0,0.0,0.0,0.0,0.0,0.01,0.0,0.01,0.0,0.0,0.0
726,0.0,0.0,0.0,0.0,0.0,0.0,0.0,0.0,0.0,0.0,0.01,0.0,0.0
727,0.02,0.01,0.01,0.01,0.0,0.02,0.07,0.01,0.03,0.03,0.03,0.0,0.06
728,0.02,0.0,0.0,0.0,0.0,0.14,0.01,0.05,0.01,0.0,0.0,0.0,0.01
729,0.16,0.03,0.0,0.0,0.0,0.07,0.01,0.01,0.0,0.02,0.01,0.0,0.01
730,0.02,0.01,0.0,0.0,0.0,0.02,0.0,0.03,0.0,0.0,0.0,0.0,0.0
731,0.01,0.01,0.0,0.0,0.0,0.01,0.0,0.0,0.0,0.0,0.01,0.01,0.0
732,0.0,0.0,0.0,0.0,0.01,0.13,0.01,0.06,0.0,0.0,0.0,0.0,0.02
733,0.0,0.0,0.0,0.0,0.0,0.0,0.0,0.01,0.01,0.01,0.0,0.0,0.0
734,0.0,0.0,0.0,0.01,0.03,0.02,0.0,0.03,0.0,0.0,0.0,0.0,0.0
735,0.02,0.0,0.0,0.0,0.0,0.14,0.01,0.05,0.01,0.0,0.0,0.0,0.01
736,0.0,0.0,0.0,0.0,0.0,0.01,0.0,0.01,0.0,0.01,0.0,0.0,0.01
737,0.03,0.0,0.0,0.01,0.01,0.08,0.01,0.03,0.01,0.0,0.0,0.0,0.01
738,0.03,0.02,0.0,0.0,0.0,0.02,0.0,0.01,0.0,0.0,0.0,0.0,0.0
739,0.03,0.03,0.0,0.0,0.01,0.03,0.01,0.02,0.01,0.02,0.01,0.0,0.01
740,0.01,0.01,0.0,0.01,0.0,0.01,0.01,0.02,0.0,0.0,0.0,0.02,0.01
741,0.02,0.01,0.0,0.0,0.0,0.03,0.0,0.02,0.0,0.0,0.0,0.0,0.0
742,0.01,0.0,0.0,0.0,0.0,0.13,0.02,0.04,0.01,0.0,0.0,0.0,0.03
743,0.04,0.03,0.0,0.0,0.03,0.02,0.02,0.02,0.02,0.02,0.01,0.0,0.02
744,0.0,0.0,0.01,0.0,0.01,0.01,0.0,0.02,0.0,0.0,0.01,0.0,0.0
745,0.0,0.0,0.0,0.0,0.0,0.0,0.0,0.0,0.0,0.0,0.0,0.0,0.0
746,0.01,0.01,0.0,0.0,0.0,0.0,0.0,0.0,0.01,0.03,0.0,0.02,0.01
747,0.02,0.01,0.0,0.01,0.0,0.01,0.0,0.01,0.01,0.02,0.01,0.0,0.01
748,0.01,0.0,0.0,0.01,0.0,0.02,0.0,0.02,0.01,0.0,0.0,0.0,0.0
749,0.07,0.01,0.0,0.0,0.0,0.04,0.0,0.02,0.0,0.01,0.0,0.0,0.0
750,0.0,0.0,0.0,0.0,0.0,0.01,0.0,0.01,0.0,0.0,0.0,0.01,0.01
751,0.0,0.0,0.0,0.0,0.0,0.0,0.0,0.0,0.0,0.0,0.0,0.0,0.0
752,0.02,0.01,0.05,0.01,0.01,0.03,0.02,0.09,0.0,0.0,0.0,0.0,0.01
753,0.03,0.0,0.0,0.0,0.0,0.03,0.0,0.01,0.01,0.0,0.0,0.0,0.0
754,0.03,0.01,0.0,0.0,0.0,0.04,0.01,0.04,0.0,0.01,0.01,0.0,0.01
755,0.01,0.0,0.0,0.0,0.0,0.01,0.01,0.01,0.0,0.0,0.0,0.0,0.01
756,0.0,0.0,0.0,0.0,0.0,0.02,0.01,0.02,0.01,0.0,0.0,0.0,0.01
757,0.0,0.0,0.0,0.0,0.0,0.0,0.0,0.01,0.0,0.01,0.0,0.0,0.0
758,0.02,0.0,0.0,0.0,0.0,0.01,0.0,0.02,0.01,0.0,0.0,0.0,0.0
759,0.0,0.0,0.0,0.01,0.0,0.01,0.0,0.0,0.0,0.01,0.0,0.0,0.0
760,0.12,0.03,0.0,0.0,0.0,0.06,0.0,0.01,0.0,0.01,0.0,0.0,0.01
761,0.01,0.0,0.0,0.0,0.01,0.01,0.01,0.0,0.0,0.0,0.0,0.0,0.02
762,0.02,0.01,0.0,0.0,0.0,0.04,0.01,0.1,0.01,0.0,0.0,0.0,0.01
763,0.01,0.01,0.0,0.0,0.01,0.01,0.0,0.02,0.0,0.0,0.0,0.0,0.0
764,0.0,0.0,0.0,0.0,0.01,0.03,0.02,0.02,0.01,0.01,0.0,0.0,0.04
765,0.0,0.01,0.0,0.0,0.0,0.02,0.0,0.08,0.0,0.01,0.0,0.0,0.0
766,0.01,0.02,0.0,0.0,0.01,0.01,0.0,0.02,0.0,0.01,0.0,0.0,0.0
767,0.01,0.0,0.0,0.0,0.0,0.0,0.01,0.0,0.04,0.02,0.0,0.0,0.01
768,0.0,0.02,0.01,0.01,0.01,0.01,0.0,0.03,0.0,0.0,0.01,0.0,0.0
769,0.0,0.0,0.0,0.0,0.0,0.0,0.01,0.02,0.01,0.0,0.01,0.0,0.0
770,0.0,0.0,0.0,0.0,0.0,0.0,0.0,0.0,0.0,0.0,0.02,0.0,0.0
771,0.01,0.01,0.0,0.0,0.0,0.01,0.01,0.0,0.01,0.0,0.0,0.0,0.02
772,0.0,0.0,0.0,0.0,0.0,0.0,0.01,0.01,0.0,0.0,0.0,0.0,0.0
773,0.04,0.02,0.0,0.0,0.0,0.05,0.01,0.03,0.0,0.01,0.0,0.0,0.01
774,0.0,0.0,0.01,0.01,0.03,0.01,0.01,0.0,0.0,0.0,0.0,0.0,0.01
775,0.0,0.0,0.0,0.0,0.0,0.0,0.0,0.0,0.0,0.0,0.0,0.0,0.01
776,0.0,0.0,0.0,0.0,0.0,0.0,0.0,0.0,0.0,0.01,0.0,0.0,0.0
777,0.02,0.03,0.0,0.0,0.01,0.02,0.01,0.01,0.01,0.01,0.01,0.0,0.01
778,0.0,0.0,0.0,0.0,0.0,0.01,0.06,0.01,0.02,0.03,0.02,0.0,0.05
779,0.0,0.0,0.0,0.0,0.0,0.0,0.01,0.0,0.0,0.0,0.0,0.0,0.01
780,0.04,0.01,0.0,0.0,0.0,0.04,0.0,0.02,0.01,0.0,0.03,0.0,0.0
781,0.0,0.0,0.0,0.0,0.01,0.0,0.0,0.01,0.0,0.0,0.0,0.0,0.01
782,0.0,0.0,0.01,0.02,0.01,0.01,0.0,0.03,0.0,0.0,0.0,0.01,0.0
783,0.0,0.0,0.0,0.0,0.0,0.0,0.0,0.0,0.01,0.01,0.0,0.0,0.0
784,0.0,0.0,0.0,0.01,0.0,0.0,0.01,0.01,0.01,0.01,0.01,0.04,0.01
785,0.0,0.0,0.0,0.0,0.0,0.01,0.0,0.0,0.0,0.0,0.0,0.0,0.0
786,0.0,0.02,0.0,0.0,0.0,0.03,0.01,0.09,0.0,0.01,0.0,0.0,0.0
787,0.0,0.0,0.0,0.0,0.0,0.01,0.01,0.0,0.0,0.0,0.0,0.0,0.01
788,0.0,0.01,0.0,0.0,0.0,0.04,0.01,0.02,0.0,0.0,0.01,0.01,0.01
789,0.01,0.0,0.0,0.01,0.0,0.08,0.0,0.05,0.0,0.0,0.0,0.0,0.0
790,0.01,0.01,0.0,0.01,0.0,0.01,0.0,0.01,0.0,0.01,0.0,0.02,0.0
791,0.0,0.0,0.01,0.01,0.02,0.0,0.0,0.01,0.01,0.0,0.0,0.0,0.0
792,0.0,0.0,0.0,0.0,0.0,0.0,0.0,0.0,0.0,0.01,0.01,0.0,0.0
793,0.01,0.0,0.0,0.0,0.0,0.01,0.01,0.01,0.0,0.0,0.04,0.0,0.01
794,0.04,0.01,0.0,0.0,0.02,0.1,0.04,0.03,0.02,0.01,0.0,0.0,0.03
795,0.0,0.01,0.0,0.0,0.0,0.04,0.0,0.03,0.0,0.01,0.0,0.0,0.0
796,0.0,0.0,0.0,0.0,0.0,0.0,0.0,0.0,0.0,0.0,0.0,0.0,0.0
797,0.01,0.0,0.0,0.0,0.01,0.06,0.0,0.01,0.0,0.0,0.0,0.0,0.02
798,0.0,0.0,0.0,0.0,0.0,0.0,0.0,0.0,0.0,0.0,0.01,0.0,0.0
799,0.01,0.0,0.0,0.0,0.0,0.1,0.01,0.05,0.02,0.0,0.0,0.0,0.0
800,0.0,0.01,0.0,0.0,0.0,0.01,0.01,0.0,0.03,0.0,0.0,0.0,0.0
801,0.01,0.0,0.0,0.0,0.0,0.1,0.01,0.05,0.01,0.0,0.0,0.0,0.01
802,0.01,0.0,0.0,0.01,0.0,0.04,0.01,0.08,0.01,0.01,0.0,0.0,0.0
803,0.0,0.0,0.0,0.0,0.0,0.01,0.0,0.0,0.01,0.01,0.0,0.0,0.0
804,0.03,0.02,0.0,0.0,0.0,0.01,0.01,0.01,0.0,0.0,0.0,0.0,0.0
805,0.01,0.0,0.0,0.0,0.0,0.03,0.0,0.04,0.0,0.01,0.0,0.01,0.01
806,0.0,0.0,0.0,0.0,0.0,0.02,0.01,0.03,0.01,0.01,0.0,0.0,0.01
807,0.0,0.0,0.0,0.0,0.0,0.01,0.0,0.03,0.0,0.0,0.0,0.0,0.0
808,0.0,0.0,0.0,0.01,0.0,0.01,0.0,0.0,0.0,0.0,0.0,0.0,0.0
809,0.02,0.03,0.0,0.0,0.0,0.02,0.02,0.01,0.01,0.0,0.0,0.0,0.01
810,0.0,0.0,0.0,0.0,0.0,0.01,0.01,0.01,0.03,0.03,0.0,0.0,0.01
811,0.0,0.0,0.02,0.04,0.02,0.01,0.0,0.02,0.0,0.0,0.0,0.0,0.0
812,0.01,0.0,0.0,0.0,0.01,0.01,0.01,0.02,0.01,0.0,0.01,0.0,0.0
813,0.01,0.01,0.0,0.0,0.0,0.01,0.0,0.01,0.01,0.01,0.0,0.0,0.0
814,0.01,0.0,0.0,0.0,0.0,0.01,0.01,0.0,0.0,0.0,0.02,0.0,0.01
815,0.0,0.0,0.0,0.0,0.0,0.01,0.0,0.01,0.0,0.0,0.0,0.0,0.0
816,0.01,0.02,0.0,0.0,0.01,0.01,0.01,0.0,0.01,0.01,0.0,0.0,0.02
817,0.0,0.0,0.0,0.0,0.01,0.01,0.0,0.02,0.0,0.0,0.0,0.0,0.0
818,0.02,0.01,0.0,0.0,0.0,0.03,0.01,0.02,0.0,0.01,0.0,0.0,0.01
819,0.0,0.0,0.0,0.0,0.0,0.0,0.01,0.0,0.01,0.0,0.0,0.0,0.03
820,0.01,0.07,0.0,0.0,0.0,0.07,0.0,0.03,0.02,0.03,0.0,0.0,0.0
821,0.01,0.0,0.0,0.0,0.0,0.05,0.02,0.0,0.02,0.0,0.0,0.0,0.05
822,0.0,0.0,0.0,0.0,0.04,0.0,0.01,0.0,0.01,0.0,0.0,0.0,0.01
823,0.0,0.0,0.0,0.0,0.0,0.0,0.0,0.0,0.0,0.01,0.0,0.0,0.0
824,0.02,0.05,0.0,0.01,0.0,0.05,0.0,0.03,0.01,0.01,0.01,0.0,0.0
825,0.0,0.0,0.01,0.0,0.0,0.05,0.07,0.03,0.03,0.02,0.02,0.0,0.04
826,0.0,0.0,0.0,0.0,0.0,0.02,0.02,0.01,0.02,0.0,0.0,0.0,0.04
827,0.0,0.0,0.0,0.0,0.02,0.01,0.03,0.01,0.0,0.0,0.0,0.0,0.02
828,0.0,0.0,0.0,0.0,0.0,0.0,0.0,0.0,0.0,0.0,0.0,0.0,0.0
829,0.02,0.02,0.0,0.0,0.0,0.04,0.0,0.03,0.0,0.01,0.0,0.0,0.01
830,0.01,0.01,0.0,0.0,0.01,0.01,0.01,0.01,0.0,0.0,0.0,0.0,0.01
831,0.01,0.01,0.0,0.0,0.0,0.03,0.0,0.01,0.02,0.0,0.0,0.0,0.0
832,0.04,0.0,0.0,0.0,0.02,0.01,0.01,0.0,0.0,0.0,0.04,0.0,0.01
833,0.0,0.0,0.0,0.02,0.0,0.0,0.0,0.0,0.0,0.0,0.0,0.0,0.0
834,0.0,0.01,0.0,0.0,0.0,0.0,0.0,0.0,0.02,0.0,0.0,0.01,0.0
835,0.0,0.01,0.01,0.04,0.02,0.0,0.0,0.01,0.01,0.0,0.01,0.0,0.0
836,0.01,0.0,0.0,0.0,0.01,0.02,0.01,0.0,0.01,0.02,0.0,0.0,0.01
837,0.01,0.01,0.0,0.0,0.0,0.01,0.0,0.0,0.03,0.01,0.0,0.0,0.0
838,0.0,0.01,0.0,0.0,0.0,0.02,0.0,0.08,0.0,0.01,0.0,0.0,0.0
839,0.02,0.01,0.0,0.0,0.0,0.02,0.0,0.0,0.01,0.0,0.0,0.0,0.01
840,0.0,0.0,0.0,0.0,0.0,0.0,0.0,0.0,0.01,0.0,0.0,0.0,0.0
841,0.0,0.0,0.0,0.0,0.0,0.01,0.0,0.02,0.0,0.0,0.0,0.0,0.0
842,0.01,0.01,0.0,0.0,0.0,0.0,0.0,0.0,0.0,0.0,0.01,0.01,0.0
843,0.01,0.01,0.0,0.02,0.0,0.01,0.01,0.02,0.0,0.0,0.0,0.0,0.0
844,0.0,0.0,0.0,0.0,0.0,0.0,0.0,0.01,0.0,0.0,0.01,0.0,0.01
845,0.02,0.0,0.0,0.0,0.0,0.02,0.0,0.02,0.01,0.0,0.03,0.01,0.01
846,0.0,0.01,0.0,0.0,0.0,0.0,0.0,0.0,0.0,0.0,0.0,0.0,0.0
847,0.02,0.01,0.0,0.0,0.01,0.03,0.01,0.03,0.01,0.01,0.02,0.02,0.01
848,0.01,0.01,0.01,0.01,0.01,0.02,0.06,0.01,0.03,0.02,0.01,0.0,0.05
849,0.02,0.02,0.0,0.0,0.0,0.01,0.0,0.03,0.0,0.0,0.0,0.01,0.0
850,0.02,0.0,0.0,0.0,0.0,0.04,0.01,0.01,0.01,0.01,0.01,0.0,0.01
851,0.01,0.0,0.0,0.0,0.0,0.0,0.01,0.0,0.0,0.0,0.0,0.0,0.0
852,0.0,0.01,0.0,0.01,0.0,0.0,0.01,0.0,0.03,0.01,0.0,0.0,0.01
853,0.0,0.0,0.0,0.0,0.0,0.0,0.0,0.0,0.0,0.0,0.0,0.0,0.0
854,0.11,0.01,0.0,0.01,0.0,0.05,0.0,0.02,0.0,0.01,0.0,0.0,0.0
855,0.0,0.0,0.0,0.0,0.0,0.01,0.0,0.0,0.0,0.0,0.01,0.0,0.0
856,0.02,0.01,0.0,0.0,0.0,0.01,0.0,0.0,0.0,0.0,0.01,0.0,0.01
857,0.0,0.0,0.0,0.0,0.01,0.0,0.01,0.01,0.0,0.01,0.0,0.0,0.03
858,0.01,0.01,0.01,0.0,0.0,0.07,0.01,0.03,0.01,0.01,0.0,0.0,0.0
859,0.02,0.01,0.0,0.0,0.0,0.02,0.01,0.01,0.0,0.01,0.0,0.0,0.0
860,0.02,0.01,0.0,0.0,0.0,0.05,0.0,0.17,0.0,0.0,0.0,0.0,0.0
861,0.01,0.01,0.0,0.0,0.0,0.01,0.0,0.04,0.01,0.0,0.0,0.0,0.0
862,0.02,0.01,0.0,0.0,0.0,0.0,0.0,0.0,0.0,0.0,0.0,0.0,0.01
863,0.0,0.01,0.0,0.0,0.0,0.0,0.0,0.01,0.01,0.01,0.0,0.0,0.0
864,0.0,0.0,0.0,0.0,0.0,0.02,0.0,0.02,0.0,0.03,0.01,0.0,0.03
865,0.01,0.0,0.0,0.0,0.0,0.09,0.0,0.03,0.0,0.0,0.01,0.0,0.0
866,0.0,0.01,0.01,0.02,0.01,0.01,0.0,0.02,0.0,0.0,0.01,0.0,0.0
867,0.09,0.02,0.0,0.01,0.0,0.03,0.0,0.03,0.0,0.0,0.0,0.0,0.0
868,0.0,0.0,0.0,0.0,0.0,0.01,0.0,0.0,0.0,0.01,0.0,0.0,0.0
869,0.0,0.0,0.0,0.0,0.0,0.0,0.0,0.0,0.0,0.01,0.0,0.0,0.0
870,0.0,0.0,0.0,0.09,0.01,0.01,0.0,0.0,0.0,0.0,0.0,0.0,0.0
871,0.01,0.02,0.0,0.0,0.0,0.01,0.01,0.0,0.0,0.02,0.0,0.0,0.01
872,0.0,0.0,0.0,0.0,0.0,0.02,0.01,0.02,0.02,0.03,0.01,0.01,0.03
873,0.06,0.05,0.0,0.0,0.03,0.03,0.03,0.0,0.02,0.02,0.02,0.01,0.02
874,0.05,0.05,0.0,0.0,0.02,0.04,0.02,0.01,0.02,0.02,0.01,0.0,0.02
875,0.1,0.01,0.01,0.01,0.0,0.05,0.0,0.02,0.01,0.01,0.0,0.01,0.0
876,0.03,0.03,0.0,0.0,0.01,0.02,0.01,0.01,0.01,0.04,0.06,0.01,0.01
877,0.02,0.01,0.0,0.01,0.0,0.11,0.01,0.04,0.01,0.0,0.01,0.0,0.01
878,0.02,0.07,0.0,0.0,0.0,0.07,0.0,0.07,0.02,0.01,0.0,0.0,0.0
879,0.0,0.0,0.0,0.0,0.0,0.01,0.03,0.02,0.04,0.01,0.0,0.0,0.01
880,0.01,0.01,0.0,0.0,0.0,0.11,0.01,0.05,0.02,0.0,0.0,0.0,0.01
